Year,Country,Happiness_Score,Happiness_Rank,GDP_per_capita,Healthy_life_expectancy,Freedom,Generosity,Perceptions_of_corruption
2015,Switzerland,7.587000000000001,1.0,1.3965100000000001,0.9414299999999999,0.66557,0.29678000000000004,0.41978000000000004
2015,Iceland,7.561,2.0,1.3023200000000001,0.94784,0.6287699999999999,0.4363,0.14145
2015,Denmark,7.527,3.0,1.32548,0.87464,0.6493800000000001,0.34139,0.48357
2015,Norway,7.522,4.0,1.459,0.88521,0.66973,0.34699,0.36503
2015,Canada,7.4270000000000005,5.0,1.32629,0.9056299999999999,0.63297,0.45811,0.32957
2015,Finland,7.406000000000001,6.0,1.29025,0.8891100000000001,0.64169,0.23351,0.41372
2015,Netherlands,7.377999999999999,7.0,1.32944,0.89284,0.6157600000000001,0.4761,0.31814000000000003
2015,Sweden,7.364,8.0,1.33171,0.9108700000000001,0.6598,0.36262,0.43843999999999994
2015,New Zealand,7.2860000000000005,9.0,1.2501799999999998,0.9083700000000001,0.6393800000000001,0.47501000000000004,0.42922
2015,Australia,7.284,10.0,1.33358,0.93156,0.6512399999999999,0.43562,0.35636999999999996
2015,Israel,7.278,11.0,1.2285700000000002,0.9138700000000001,0.41318999999999995,0.33171999999999996,0.07785
2015,Costa Rica,7.226,12.0,0.95578,0.8602700000000001,0.63376,0.25497,0.10583
2015,Austria,7.2,13.0,1.33723,0.8904200000000001,0.62433,0.33088,0.18675999999999998
2015,Mexico,7.187,14.0,1.02054,0.8144399999999999,0.48181,0.14074,0.21311999999999998
2015,United States,7.119,15.0,1.3945100000000001,0.86179,0.54604,0.40105,0.1589
2015,Brazil,6.983,16.0,0.98124,0.69702,0.49049,0.14574,0.17521
2015,Luxembourg,6.946000000000001,17.0,1.5639100000000001,0.91894,0.61583,0.28034000000000003,0.37798000000000004
2015,Ireland,6.94,18.0,1.33596,0.89533,0.6177699999999999,0.45901000000000003,0.28703
2015,Belgium,6.937,19.0,1.30782,0.8966700000000001,0.5845,0.2225,0.2254
2015,United Arab Emirates,6.901,20.0,1.42727,0.80925,0.64157,0.26428,0.38583
2015,United Kingdom,6.867000000000001,21.0,1.26637,0.90943,0.59625,0.51912,0.32066999999999996
2015,Oman,6.853,22.0,1.36011,0.76276,0.63274,0.21541999999999997,0.32524000000000003
2015,Venezuela,6.81,23.0,1.04424,0.7205199999999999,0.42908,0.058410000000000004,0.11069000000000001
2015,Singapore,6.797999999999999,24.0,1.52186,1.02525,0.54252,0.31105,0.4921
2015,Panama,6.7860000000000005,25.0,1.0635299999999999,0.79661,0.5421,0.24434,0.0927
2015,Germany,6.75,26.0,1.32792,0.89186,0.6147699999999999,0.28214,0.21843
2015,Chile,6.67,27.0,1.10715,0.85857,0.44132,0.33363000000000004,0.12869
2015,Qatar,6.611000000000001,28.0,1.69042,0.79733,0.6404,0.32573,0.52208
2015,France,6.575,29.0,1.27778,0.9457899999999999,0.55011,0.12332,0.20646
2015,Argentina,6.574,30.0,1.05351,0.78723,0.44974,0.11450999999999999,0.08484
2015,Czech Republic,6.505,31.0,1.17898,0.84483,0.46363999999999994,0.10686,0.02652
2015,Uruguay,6.485,32.0,1.06166,0.8116,0.6036199999999999,0.2324,0.24558000000000002
2015,Colombia,6.477,33.0,0.91861,0.69077,0.53466,0.18400999999999998,0.0512
2015,Thailand,6.455,34.0,0.9669,0.7385,0.5566399999999999,0.5763,0.031869999999999996
2015,Saudi Arabia,6.4110000000000005,35.0,1.39541,0.72025,0.31048000000000003,0.13706,0.32524000000000003
2015,Spain,6.329,36.0,1.23011,0.95562,0.45951000000000003,0.18227000000000002,0.06398
2015,Malta,6.3020000000000005,37.0,1.2074,0.88721,0.60365,0.51752,0.13585999999999998
2015,Taiwan,6.297999999999999,38.0,1.29098,0.8753,0.3974,0.25376,0.08129
2015,Kuwait,6.295,39.0,1.5542200000000002,0.72492,0.55499,0.16228,0.25609
2015,Suriname,6.269,40.0,0.99534,0.6082,0.5965699999999999,0.16990999999999998,0.13633
2015,Trinidad and Tobago,6.167999999999999,41.0,1.21183,0.61483,0.55884,0.31844,0.0114
2015,El Salvador,6.13,42.0,0.76454,0.67737,0.4035,0.10692,0.11775999999999999
2015,Guatemala,6.122999999999999,43.0,0.74553,0.64425,0.57733,0.27489,0.09472
2015,Uzbekistan,6.002999999999999,44.0,0.63244,0.59772,0.6582100000000001,0.22837,0.30826
2015,Slovakia,5.995,45.0,1.1689100000000001,0.7890199999999999,0.31751,0.16893,0.03431
2015,Japan,5.987,46.0,1.27074,0.99111,0.49615,0.10705,0.1806
2015,South Korea,5.984,47.0,1.24461,0.9653799999999999,0.33208000000000004,0.18557,0.07857
2015,Ecuador,5.975,48.0,0.8640200000000001,0.79075,0.48573999999999995,0.11540999999999998,0.1809
2015,Bahrain,5.96,49.0,1.32376,0.74716,0.45492,0.17362,0.306
2015,Italy,5.9479999999999995,50.0,1.25114,0.9544600000000001,0.26236,0.22823000000000002,0.02901
2015,Bolivia,5.89,51.0,0.68133,0.5392,0.57414,0.20536,0.08800000000000001
2015,Moldova,5.888999999999999,52.0,0.59448,0.61826,0.32818,0.20951,0.01615
2015,Paraguay,5.877999999999999,53.0,0.75985,0.66098,0.53899,0.3424,0.08242000000000001
2015,Kazakhstan,5.855,54.0,1.1225399999999999,0.64368,0.51649,0.11827,0.08454
2015,Slovenia,5.848,55.0,1.18498,0.8733700000000001,0.60855,0.25328,0.03787
2015,Lithuania,5.832999999999999,56.0,1.14723,0.73128,0.21341999999999997,0.026410000000000003,0.01031
2015,Nicaragua,5.827999999999999,57.0,0.59325,0.7431399999999999,0.55475,0.27815,0.19317
2015,Peru,5.824,58.0,0.9001899999999999,0.73017,0.41496000000000005,0.14982,0.05989
2015,Belarus,5.813,59.0,1.0319200000000002,0.7360800000000001,0.37938,0.11045999999999999,0.1909
2015,Poland,5.791,60.0,1.12555,0.77903,0.53122,0.16759000000000002,0.04212
2015,Malaysia,5.77,61.0,1.12486,0.7239399999999999,0.5302399999999999,0.33075,0.10500999999999999
2015,Croatia,5.7589999999999995,62.0,1.08254,0.78805,0.25883,0.054439999999999995,0.0243
2015,Libya,5.754,63.0,1.13145,0.7038,0.41668,0.18295,0.11023
2015,Russia,5.716,64.0,1.13764,0.6692600000000001,0.36679,0.00199,0.03005
2015,Jamaica,5.709,65.0,0.81038,0.6874100000000001,0.50442,0.2123,0.02299
2015,North Cyprus,5.695,66.0,1.2080600000000001,0.92356,0.49027,0.26169000000000003,0.1428
2015,Cyprus,5.689,67.0,1.20813,0.92356,0.40671999999999997,0.30638000000000004,0.06146
2015,Algeria,5.605,68.0,0.93929,0.61766,0.28579,0.07822,0.17382999999999998
2015,Kosovo,5.5889999999999995,69.0,0.80148,0.63132,0.24749000000000002,0.2831,0.04741
2015,Turkmenistan,5.547999999999999,70.0,0.95847,0.53886,0.4761,0.16979,0.30844
2015,Mauritius,5.477,71.0,1.0076100000000001,0.7095,0.56066,0.37744,0.07521
2015,Hong Kong,5.474,72.0,1.38604,1.01328,0.59608,0.39478,0.37124
2015,Estonia,5.428999999999999,73.0,1.15174,0.77361,0.44888,0.0868,0.15184
2015,Indonesia,5.399,74.0,0.8282700000000001,0.63793,0.46611,0.51535,0.14342183544303794
2015,Vietnam,5.36,75.0,0.63216,0.7467600000000001,0.59444,0.1686,0.10440999999999999
2015,Turkey,5.332000000000001,76.0,1.06098,0.73172,0.22815,0.12253,0.15746
2015,Kyrgyzstan,5.2860000000000005,77.0,0.47428000000000003,0.65088,0.43477,0.3003,0.042319999999999997
2015,Nigeria,5.268,78.0,0.65435,0.16007000000000002,0.34334000000000003,0.27233,0.0403
2015,Bhutan,5.252999999999999,79.0,0.77042,0.57407,0.5320600000000001,0.47998,0.15445
2015,Azerbaijan,5.212000000000001,80.0,1.02389,0.64045,0.3703,0.07799,0.16065
2015,Pakistan,5.194,81.0,0.59543,0.51466,0.12102,0.33671,0.10464000000000001
2015,Jordan,5.192,82.0,0.9019799999999999,0.69639,0.40660999999999997,0.11052999999999999,0.14293
2015,Montenegro,5.192,82.0,0.9743799999999999,0.72521,0.1826,0.1614,0.14296
2015,China,5.14,84.0,0.89012,0.81658,0.5169699999999999,0.08185,0.02781
2015,Zambia,5.129,85.0,0.47038,0.29924,0.48827,0.19591,0.12468
2015,Romania,5.124,86.0,1.04345,0.7689,0.35068,0.13748,0.006490000000000001
2015,Serbia,5.122999999999999,87.0,0.92053,0.74836,0.20107,0.19230999999999998,0.02617
2015,Portugal,5.102,88.0,1.15991,0.8751899999999999,0.51469,0.13719,0.01078
2015,Latvia,5.098,89.0,1.11312,0.72437,0.29671,0.18225999999999998,0.06332
2015,Philippines,5.073,90.0,0.70532,0.58114,0.62545,0.24991,0.12279000000000001
2015,Somaliland region,5.0569999999999995,91.0,0.18847,0.43873,0.46581999999999996,0.5031800000000001,0.39928
2015,Morocco,5.013,92.0,0.7347899999999999,0.60954,0.41691000000000006,0.07172,0.08546000000000001
2015,Macedonia,5.007,93.0,0.91851,0.73545,0.33457,0.22359,0.053270000000000005
2015,Mozambique,4.971,94.0,0.08308,0.09131,0.34037,0.22269,0.15603
2015,Albania,4.959,95.0,0.8786700000000001,0.81325,0.35733000000000004,0.14272,0.06412999999999999
2015,Bosnia and Herzegovina,4.949,96.0,0.8322299999999999,0.79081,0.09245,0.24808000000000002,0.00227
2015,Lesotho,4.898,97.0,0.37545,0.07612000000000001,0.31767,0.16388,0.12504
2015,Dominican Republic,4.885,98.0,0.8953700000000001,0.66825,0.57672,0.21684,0.14234000000000002
2015,Laos,4.876,99.0,0.5906600000000001,0.54909,0.59591,0.42191999999999996,0.24249
2015,Mongolia,4.874,100.0,0.82819,0.60268,0.43626000000000004,0.3323,0.026660000000000003
2015,Swaziland,4.867,101.0,0.71206,0.07566,0.30658,0.18259,0.0306
2015,Greece,4.857,102.0,1.15406,0.88213,0.07699,0.23729550632911403,0.013969999999999998
2015,Lebanon,4.8389999999999995,103.0,1.0256399999999999,0.83947,0.33916,0.21854,0.04582
2015,Hungary,4.8,104.0,1.12094,0.75905,0.32111999999999996,0.128,0.02758
2015,Honduras,4.788,105.0,0.59532,0.6951,0.40148,0.23026999999999997,0.06825
2015,Tajikistan,4.7860000000000005,106.0,0.39047,0.5737899999999999,0.47216,0.22974,0.15072
2015,Tunisia,4.739,107.0,0.88113,0.73793,0.26268,0.06431,0.06358
2015,Palestinian Territories,4.715,108.0,0.59867,0.66015,0.24499,0.11250999999999999,0.12905
2015,Bangladesh,4.694,109.0,0.39753,0.60164,0.4082,0.21222,0.12569
2015,Iran,4.686,110.0,1.0088,0.69805,0.30033000000000004,0.38086,0.058629999999999995
2015,Ukraine,4.681,111.0,0.79907,0.6739,0.25123,0.15275,0.02961
2015,Iraq,4.677,112.0,0.98549,0.60237,0.4286149367088611,0.17922000000000002,0.13788
2015,South Africa,4.6419999999999995,113.0,0.9204899999999999,0.27688,0.33207,0.11972999999999999,0.08884
2015,Ghana,4.633,114.0,0.5455800000000001,0.40131999999999995,0.42341999999999996,0.23087,0.04355
2015,Zimbabwe,4.61,115.0,0.271,0.33475,0.25861,0.18987,0.08079
2015,Liberia,4.571000000000001,116.0,0.0712,0.34201,0.28531,0.24361999999999998,0.06232000000000001
2015,India,4.565,117.0,0.64499,0.5152899999999999,0.39786,0.26475,0.08492000000000001
2015,Sudan,4.55,118.0,0.52107,0.36878,0.10081,0.19062,0.1466
2015,Haiti,4.518,119.0,0.26673,0.38847,0.24425,0.46187,0.17175
2015,Congo (Kinshasa),4.5169999999999995,120.0,0.8461372151898726,0.09806000000000001,0.22605,0.24834,0.07625
2015,Nepal,4.513999999999999,121.0,0.35996999999999996,0.5687399999999999,0.38282,0.32295999999999997,0.059070000000000004
2015,Ethiopia,4.512,122.0,0.19072999999999998,0.44055,0.4345,0.24325,0.15048
2015,Sierra Leone,4.507,123.0,0.33024000000000003,0.6302593670886079,0.4084,0.21488000000000002,0.08786000000000001
2015,Mauritania,4.436,124.0,0.45407,0.35874,0.24231999999999998,0.21899999999999997,0.17461
2015,Kenya,4.419,125.0,0.36471,0.41435,0.42215,0.37542,0.05839
2015,Djibouti,4.369,126.0,0.44025,0.36291,0.46074,0.18093,0.28105
2015,Armenia,4.35,127.0,0.7682100000000001,0.7299,0.19847,0.07855,0.039
2015,Botswana,4.332,128.0,0.99355,0.047760000000000004,0.49495,0.10461,0.12474
2015,Myanmar,4.3069999999999995,129.0,0.27108000000000004,0.48246000000000006,0.44017,0.79588,0.19034
2015,Georgia,4.297,130.0,0.7419,0.72926,0.40576999999999996,0.055470000000000005,0.38331
2015,Malawi,4.292,131.0,0.016040000000000002,0.22562,0.43054,0.33128,0.06977
2015,Sri Lanka,4.271,132.0,0.83524,0.70806,0.5372600000000001,0.40828000000000003,0.09179
2015,Cameroon,4.252,133.0,0.4225,0.23401999999999998,0.49309,0.20618000000000003,0.05786
2015,Bulgaria,4.218,134.0,1.01216,0.76649,0.30587,0.11921,0.00872
2015,Egypt,4.194,135.0,0.8818,0.61712,0.17288,0.11291,0.06324
2015,Yemen,4.077,136.0,0.5464899999999999,0.40064,0.35570999999999997,0.09131,0.07854
2015,Angola,4.033,137.0,0.75778,0.16683,0.10384000000000002,0.12344000000000001,0.07122
2015,Mali,3.995,138.0,0.26074,0.20583,0.38856999999999997,0.18798,0.12352
2015,Congo (Brazzaville),3.989,139.0,0.67866,0.31051,0.41466000000000003,0.12387999999999999,0.11685999999999999
2015,Comoros,3.9560000000000004,140.0,0.23906,0.36315,0.22916999999999998,0.17440999999999998,0.19899999999999998
2015,Uganda,3.931,141.0,0.21101999999999999,0.33860999999999997,0.45726999999999995,0.29066,0.07267
2015,Senegal,3.904,142.0,0.36498,0.4354,0.36772,0.20843000000000003,0.10712999999999999
2015,Gabon,3.8960000000000004,143.0,1.06024,0.43372,0.31914000000000003,0.06822,0.11091
2015,Niger,3.845,144.0,0.0694,0.29707,0.47691999999999996,0.19387000000000001,0.15639
2015,Cambodia,3.819,145.0,0.46038,0.61114,0.66246,0.40359,0.07247
2015,Tanzania,3.781,146.0,0.2852,0.38215,0.32878,0.34376999999999996,0.05747000000000001
2015,Madagascar,3.681,147.0,0.20824,0.46721,0.19184,0.21333000000000002,0.08123999999999999
2015,Central African Republic,3.678,148.0,0.0785,0.06699,0.48878999999999995,0.23835,0.08288999999999999
2015,Chad,3.667,149.0,0.34193,0.1501,0.23501,0.18386,0.05269
2015,Guinea,3.656,150.0,0.17417,0.24009,0.37725,0.28657,0.12139000000000001
2015,Ivory Coast,3.655,151.0,0.46534,0.15185,0.46866,0.20165,0.17922000000000002
2015,Burkina Faso,3.5869999999999997,152.0,0.25811999999999996,0.27125,0.39493,0.21746999999999997,0.12832000000000002
2015,Afghanistan,3.575,153.0,0.31982,0.30335,0.23414000000000001,0.3651,0.09719
2015,Rwanda,3.465,154.0,0.22208000000000003,0.42863999999999997,0.59201,0.22628,0.55191
2015,Benin,3.34,155.0,0.28665,0.3191,0.4845,0.1826,0.0801
2015,Syria,3.0060000000000002,156.0,0.6632,0.7219300000000001,0.15684,0.47179,0.18905999999999998
2015,Burundi,2.905,157.0,0.0153,0.22396,0.1185,0.19727,0.10062
2015,Togo,2.839,158.0,0.20868,0.28443,0.36453,0.16680999999999999,0.10730999999999999
2016,Denmark,7.526,1.0,1.4417799999999998,0.79504,0.5794100000000001,0.36171,0.44453000000000004
2016,Switzerland,7.5089999999999995,2.0,1.5273299999999999,0.86303,0.58557,0.28083,0.41203
2016,Iceland,7.501,3.0,1.42666,0.8673299999999999,0.56624,0.47678000000000004,0.14975
2016,Norway,7.497999999999999,4.0,1.57744,0.79579,0.59609,0.37895,0.35775999999999997
2016,Finland,7.412999999999999,5.0,1.40598,0.81091,0.57104,0.25492,0.41003999999999996
2016,Canada,7.404,6.0,1.44015,0.8276,0.5737,0.44833999999999996,0.31329
2016,Netherlands,7.3389999999999995,7.0,1.46468,0.8123100000000001,0.55211,0.47416,0.29927
2016,New Zealand,7.334,8.0,1.36066,0.83096,0.5814699999999999,0.49401000000000006,0.41903999999999997
2016,Australia,7.313,9.0,1.4444299999999999,0.8512,0.5683699999999999,0.47407,0.32331
2016,Sweden,7.291,10.0,1.45181,0.83121,0.58218,0.38254,0.40867
2016,Israel,7.267,11.0,1.33766,0.8491700000000001,0.36432,0.32288,0.08728
2016,Austria,7.119,12.0,1.45038,0.80565,0.54355,0.32865,0.21348000000000003
2016,United States,7.104,13.0,1.50796,0.779,0.48163,0.41076999999999997,0.14868
2016,Costa Rica,7.087000000000001,14.0,1.06879,0.76146,0.55225,0.22553,0.10547000000000001
2016,Puerto Rico,7.039,15.0,1.35943,0.77758,0.46823000000000004,0.22202,0.12275
2016,Germany,6.994,16.0,1.44787,0.81487,0.53466,0.30451999999999996,0.28551
2016,Brazil,6.952000000000001,17.0,1.08754,0.61415,0.40425,0.15775999999999998,0.14165999999999998
2016,Belgium,6.928999999999999,18.0,1.42539,0.8195899999999999,0.51354,0.2424,0.26248
2016,Ireland,6.907,19.0,1.4834100000000001,0.81455,0.54008,0.44963000000000003,0.29754
2016,Luxembourg,6.871,20.0,1.6975200000000001,0.8454200000000001,0.5487,0.27571,0.35329
2016,Mexico,6.778,21.0,1.1150799999999998,0.71143,0.37709000000000004,0.11735,0.18355
2016,Singapore,6.739,22.0,1.64555,0.94719,0.4877,0.32706,0.46986999999999995
2016,United Kingdom,6.725,23.0,1.40283,0.80991,0.50036,0.50156,0.27399
2016,Chile,6.705,24.0,1.2167,0.8188300000000001,0.37789,0.31595,0.11450999999999999
2016,Panama,6.7010000000000005,25.0,1.18306,0.70835,0.48927,0.2418,0.08423
2016,Argentina,6.65,26.0,1.15137,0.69711,0.42283999999999994,0.10989000000000002,0.07296
2016,Czech Republic,6.596,27.0,1.30915,0.76376,0.41418,0.09929,0.03986
2016,United Arab Emirates,6.5729999999999995,28.0,1.57352,0.72993,0.56215,0.26591,0.35561
2016,Uruguay,6.545,29.0,1.18157,0.72183,0.54388,0.18056,0.21394000000000002
2016,Malta,6.4879999999999995,30.0,1.30782,0.80315,0.54994,0.56237,0.17554
2016,Colombia,6.481,31.0,1.0303200000000001,0.59659,0.44735,0.15625999999999998,0.053989999999999996
2016,France,6.478,32.0,1.39488,0.83795,0.46562,0.1216,0.17808
2016,Thailand,6.474,33.0,1.0893,0.64915,0.49553,0.58696,0.02833
2016,Saudi Arabia,6.379,34.0,1.48953,0.59267,0.37904,0.15457,0.30008
2016,Taiwan,6.379,34.0,1.39729,0.79565,0.32377,0.25495,0.0663
2016,Qatar,6.375,36.0,1.82427,0.71723,0.56679,0.32388,0.48049
2016,Spain,6.361000000000001,37.0,1.34253,0.8789600000000001,0.37545,0.17665,0.06137000000000001
2016,Algeria,6.355,38.0,1.05266,0.6180399999999999,0.21006,0.07044,0.16157
2016,Guatemala,6.324,39.0,0.83454,0.5403899999999999,0.50379,0.28808,0.08701
2016,Suriname,6.269,40.0,1.09686,0.5093300000000001,0.5223399999999999,0.16665,0.12692
2016,Kuwait,6.239,41.0,1.61714,0.63569,0.43166000000000004,0.15965,0.23669
2016,Bahrain,6.218,42.0,1.44024,0.65696,0.47375,0.17147,0.25772
2016,Trinidad and Tobago,6.167999999999999,43.0,1.32572,0.52608,0.48453,0.31935,0.01241
2016,Venezuela,6.084,44.0,1.1336700000000002,0.6190399999999999,0.19847,0.0425,0.08304
2016,Slovakia,6.077999999999999,45.0,1.27973,0.70367,0.23390999999999998,0.13837,0.02947
2016,El Salvador,6.068,46.0,0.8737,0.596,0.37269,0.08877,0.10613
2016,Malaysia,6.005,47.0,1.25142,0.62366,0.39031,0.41473999999999994,0.09081
2016,Nicaragua,5.992000000000001,48.0,0.69384,0.65213,0.46581999999999996,0.29773,0.16292
2016,Uzbekistan,5.987,49.0,0.7359100000000001,0.50163,0.60848,0.34326,0.28333
2016,Italy,5.977,50.0,1.35495,0.8510200000000001,0.18827,0.16684000000000002,0.02556
2016,Ecuador,5.976,51.0,0.97306,0.68613,0.4027,0.10074,0.18037
2016,Belize,5.956,52.0,0.87616,0.45569,0.51231,0.23684000000000002,0.10770999999999999
2016,Japan,5.921,53.0,1.3800700000000001,0.91491,0.46761,0.10224,0.18985
2016,Kazakhstan,5.919,54.0,1.22943,0.57386,0.4052,0.15011,0.11132
2016,Moldova,5.897,55.0,0.69177,0.5230899999999999,0.25201999999999997,0.19997,0.019030000000000002
2016,Russia,5.856,56.0,1.2322799999999998,0.58991,0.32682,0.027360000000000002,0.03586
2016,Poland,5.835,57.0,1.24585,0.69058,0.4519,0.14443,0.055
2016,South Korea,5.835,57.0,1.35948,0.88645,0.25168,0.18824000000000002,0.07716
2016,Bolivia,5.822,59.0,0.79422,0.4697,0.50961,0.21698,0.07746
2016,Lithuania,5.813,60.0,1.2692,0.64674,0.18929,0.02025,0.0182
2016,Belarus,5.8020000000000005,61.0,1.1306200000000002,0.6310399999999999,0.29091,0.13942000000000002,0.17457
2016,North Cyprus,5.771,62.0,1.31141,0.8414200000000001,0.43596,0.26322,0.16577999999999998
2016,Slovenia,5.768,63.0,1.2994700000000001,0.79151,0.53164,0.25738,0.03635
2016,Peru,5.742999999999999,64.0,0.9960200000000001,0.6299399999999999,0.37501999999999996,0.14527,0.05292
2016,Turkmenistan,5.6579999999999995,65.0,1.08017,0.44006000000000006,0.37408,0.22566999999999998,0.28467
2016,Mauritius,5.648,66.0,1.14372,0.66189,0.46145,0.36951,0.05202999999999999
2016,Libya,5.615,67.0,1.0668799999999998,0.52304,0.40671999999999997,0.17087,0.10339000000000001
2016,Latvia,5.56,68.0,1.2178799999999999,0.63952,0.27996,0.17445,0.0889
2016,Cyprus,5.546,69.0,1.31857,0.8488,0.29507,0.27906,0.05227999999999999
2016,Paraguay,5.537999999999999,70.0,0.8937299999999999,0.58295,0.46235,0.25296,0.07396
2016,Romania,5.528,71.0,1.1697,0.67602,0.36712,0.12889,0.006790000000000001
2016,Estonia,5.517,72.0,1.2796399999999999,0.68098,0.41511000000000003,0.08423,0.18519000000000002
2016,Jamaica,5.51,73.0,0.89333,0.5946899999999999,0.43596999999999997,0.22245,0.04294
2016,Croatia,5.4879999999999995,74.0,1.18649,0.70524,0.23906999999999998,0.18434,0.04002
2016,Hong Kong,5.457999999999999,75.0,1.5107,0.9527700000000001,0.48078999999999994,0.40097,0.31647
2016,Somalia,5.44,76.0,0.9538798089171973,0.11465999999999998,0.5677800000000001,0.27225,0.3118
2016,Kosovo,5.401,77.0,0.90145,0.54,0.14396,0.27992,0.06547
2016,Turkey,5.388999999999999,78.0,1.1649200000000002,0.64718,0.23889000000000002,0.04707,0.12347999999999999
2016,Indonesia,5.314,79.0,0.95104,0.49373999999999996,0.39237,0.56521,0.00322
2016,Jordan,5.303,80.0,0.9967299999999999,0.60712,0.36023,0.14262,0.13297
2016,Azerbaijan,5.291,81.0,1.12373,0.54504,0.35327,0.0564,0.17914000000000002
2016,Philippines,5.279,82.0,0.81217,0.47036000000000006,0.5485399999999999,0.21674000000000002,0.11757000000000001
2016,China,5.245,83.0,1.0278,0.73561,0.44011999999999996,0.049589999999999995,0.02745
2016,Bhutan,5.196000000000001,84.0,0.8527,0.49759,0.46074,0.48546000000000006,0.1616
2016,Kyrgyzstan,5.185,85.0,0.5604399999999999,0.5544899999999999,0.40212,0.38432,0.047619999999999996
2016,Serbia,5.1770000000000005,86.0,1.03437,0.6458,0.15718,0.20736999999999997,0.04339
2016,Bosnia and Herzegovina,5.162999999999999,87.0,0.9338299999999999,0.7076600000000001,0.09511,0.29889,0.1376237579617835
2016,Montenegro,5.1610000000000005,88.0,1.07838,0.6353300000000001,0.15111,0.17190999999999998,0.12721
2016,Dominican Republic,5.155,89.0,1.02787,0.5766899999999999,0.52259,0.21286,0.12372000000000001
2016,Morocco,5.151,90.0,0.8405799999999999,0.5947100000000001,0.25645999999999997,0.040530000000000004,0.08404
2016,Hungary,5.145,91.0,1.24142,0.67608,0.1977,0.099,0.044719999999999996
2016,Pakistan,5.132000000000001,92.0,0.68816,0.40306,0.14622000000000002,0.31185,0.1388
2016,Lebanon,5.129,93.0,1.12268,0.76171,0.26228,0.23693000000000003,0.030610000000000002
2016,Portugal,5.122999999999999,94.0,1.27607,0.7936300000000001,0.44727,0.11690999999999999,0.01521
2016,Macedonia,5.121,95.0,1.0193,0.6473800000000001,0.27668000000000004,0.23506999999999997,0.07047
2016,Vietnam,5.061,96.0,0.74037,0.66157,0.5595399999999999,0.25075,0.11556
2016,Somaliland Region,5.0569999999999995,97.0,0.25558000000000003,0.33108000000000004,0.3913,0.51479,0.36794
2016,Tunisia,5.045,98.0,0.97724,0.59577,0.23553000000000002,0.03936,0.0817
2016,Greece,5.033,99.0,1.24886,0.80029,0.05822000000000001,0.24263490445859875,0.04127
2016,Tajikistan,4.996,100.0,0.48835,0.5311899999999999,0.43408,0.25998000000000004,0.13509000000000002
2016,Mongolia,4.907,101.0,0.9885299999999999,0.55469,0.35972,0.34539000000000003,0.03285
2016,Laos,4.876,102.0,0.68042,0.38291,0.52168,0.43078999999999995,0.22423
2016,Nigeria,4.875,103.0,0.75216,0.05108,0.27854,0.23219,0.0305
2016,Honduras,4.871,104.0,0.69429,0.5838300000000001,0.26755,0.2044,0.06906
2016,Iran,4.813,105.0,1.11758,0.64232,0.22544,0.38538,0.0557
2016,Zambia,4.795,106.0,0.61202,0.23573000000000002,0.42662,0.17865999999999999,0.11479
2016,Nepal,4.793,107.0,0.44626000000000005,0.50073,0.37012,0.3816,0.07007999999999999
2016,Palestinian Territories,4.754,108.0,0.67024,0.56844,0.17744000000000001,0.11154000000000001,0.10613
2016,Albania,4.655,109.0,0.9553,0.73007,0.31866,0.1684,0.05301
2016,Bangladesh,4.643,110.0,0.54177,0.52989,0.39778,0.19132000000000002,0.12583
2016,Sierra Leone,4.635,111.0,0.36485,0.5576189808917195,0.30685,0.23897,0.08196
2016,Iraq,4.575,112.0,1.07474,0.51076,0.24856,0.19589,0.13635999999999998
2016,Namibia,4.574,113.0,0.9328700000000001,0.34745,0.48613999999999996,0.07795,0.10397999999999999
2016,Cameroon,4.513,114.0,0.5249699999999999,0.12697999999999998,0.42736,0.2268,0.06126
2016,Ethiopia,4.508,115.0,0.29283000000000003,0.34578000000000003,0.36703,0.29522,0.1717
2016,South Africa,4.459,116.0,1.02416,0.18611,0.42483000000000004,0.13656,0.08415
2016,Sri Lanka,4.415,117.0,0.9731799999999999,0.62007,0.50817,0.46978000000000003,0.07964
2016,India,4.404,118.0,0.74036,0.45091000000000003,0.40285,0.25028,0.08722
2016,Myanmar,4.395,119.0,0.34112,0.3988,0.42691999999999997,0.81971,0.20243
2016,Egypt,4.362,120.0,0.95395,0.5211600000000001,0.18847,0.12705999999999998,0.10393
2016,Armenia,4.36,121.0,0.8608600000000001,0.64083,0.14037,0.07793,0.036160000000000005
2016,Kenya,4.356,122.0,0.52267,0.30146999999999996,0.40576,0.41328000000000004,0.06686
2016,Ukraine,4.324,123.0,0.87287,0.58628,0.12859,0.20363,0.01829
2016,Ghana,4.276,124.0,0.63107,0.29681,0.40973000000000004,0.21203000000000002,0.0326
2016,Congo (Kinshasa),4.272,125.0,0.05661,0.188,0.15602,0.25458000000000003,0.06075
2016,Georgia,4.252,126.0,0.8379200000000001,0.64035,0.32461,0.06786,0.3188
2016,Congo (Brazzaville),4.236000000000001,127.0,0.7710899999999999,0.28212,0.37938,0.12077,0.09752999999999999
2016,Senegal,4.218999999999999,128.0,0.44314,0.40457,0.31056,0.19103,0.11681
2016,Bulgaria,4.217,129.0,1.11306,0.67806,0.21219000000000002,0.12793,0.00615
2016,Mauritania,4.2010000000000005,130.0,0.6139100000000001,0.28639000000000003,0.1268,0.22685999999999998,0.17955
2016,Zimbabwe,4.1930000000000005,131.0,0.35041,0.1595,0.25429,0.18503,0.08582000000000001
2016,Malawi,4.156000000000001,132.0,0.08709,0.29364,0.4143,0.30968,0.07564
2016,Sudan,4.138999999999999,133.0,0.63069,0.29759,0.3709938853503184,0.18077000000000001,0.10039
2016,Gabon,4.121,134.0,1.15851,0.3494,0.28098,0.062439999999999996,0.09314
2016,Mali,4.073,135.0,0.31292,0.16347,0.27544,0.21064000000000002,0.13647
2016,Haiti,4.0280000000000005,136.0,0.34097,0.27494,0.12072000000000001,0.47958,0.14476
2016,Botswana,3.9739999999999998,137.0,1.09426,0.34752,0.44088999999999995,0.12425,0.10769000000000001
2016,Comoros,3.9560000000000004,138.0,0.27509,0.29980999999999997,0.15412,0.1827,0.18437
2016,Ivory Coast,3.9160000000000004,139.0,0.55507,0.04476,0.40663,0.20338,0.1553
2016,Cambodia,3.907,140.0,0.55604,0.42494,0.5885199999999999,0.40339,0.08092
2016,Angola,3.866,141.0,0.84731,0.04991,0.00589,0.12070999999999998,0.08434
2016,Niger,3.8560000000000003,142.0,0.1327,0.26161999999999996,0.38040999999999997,0.2097,0.17176
2016,South Sudan,3.832,143.0,0.39394,0.15780999999999998,0.19662000000000002,0.25899,0.13015
2016,Chad,3.763,144.0,0.42213999999999996,0.038239999999999996,0.12807000000000002,0.18667,0.04952
2016,Burkina Faso,3.739,145.0,0.31995,0.21297,0.3337,0.24353000000000002,0.12533
2016,Uganda,3.739,145.0,0.34719,0.19625,0.43653000000000003,0.27102,0.06442
2016,Yemen,3.7239999999999998,147.0,0.57939,0.31048000000000003,0.2287,0.09821,0.05892000000000001
2016,Madagascar,3.695,148.0,0.27954,0.37109000000000003,0.13684000000000002,0.2204,0.07506
2016,Tanzania,3.6660000000000004,149.0,0.47155,0.35700000000000004,0.3176,0.31472,0.05099
2016,Liberia,3.622,150.0,0.10705999999999999,0.23165,0.25748000000000004,0.24063,0.04852
2016,Guinea,3.6069999999999998,151.0,0.22415,0.18829,0.30953,0.29914,0.1192
2016,Rwanda,3.515,152.0,0.32846,0.31865,0.5432,0.23551999999999998,0.50521
2016,Benin,3.484,153.0,0.39499,0.21028000000000002,0.39747,0.2018,0.06681000000000001
2016,Afghanistan,3.36,154.0,0.38227,0.17344,0.1643,0.31268,0.07112
2016,Togo,3.303,155.0,0.28123000000000004,0.24811,0.34678000000000003,0.17517,0.11587
2016,Syria,3.069,156.0,0.7471899999999999,0.6299399999999999,0.06912,0.48396999999999996,0.17232999999999998
2016,Burundi,2.905,157.0,0.06831,0.15747,0.0432,0.2029,0.09419
2017,Norway,7.537000179290769,1.0,1.6164631843566901,0.796666502952576,0.635422587394714,0.36201223731041,0.31596383452415505
2017,Denmark,7.52199983596802,2.0,1.48238301277161,0.7925655245780941,0.626006722450256,0.3552804887294771,0.40077006816863997
2017,Iceland,7.50400018692017,3.0,1.480633020401,0.8335521221160892,0.6271626353263849,0.47554022073745705,0.15352655947208402
2017,Switzerland,7.49399995803833,4.0,1.5649795532226598,0.858131289482117,0.620070576667786,0.29054927825927696,0.36700728535652205
2017,Finland,7.468999862670901,5.0,1.44357192516327,0.80915766954422,0.6179508566856379,0.24548277258873,0.38261154294014
2017,Netherlands,7.3769998550415,6.0,1.50394463539124,0.8106961250305179,0.5853844881057739,0.47048982977867104,0.282661825418472
2017,Canada,7.31599998474121,7.0,1.47920441627502,0.83455765247345,0.611100912094116,0.435539722442627,0.287371516227722
2017,New Zealand,7.31400012969971,8.0,1.40570604801178,0.816759705543518,0.6140621304512021,0.500005125999451,0.38281670212745705
2017,Sweden,7.28399991989136,9.0,1.49438726902008,0.830875158309937,0.612924098968506,0.38539925217628496,0.384398728609085
2017,Australia,7.28399991989136,10.0,1.4844149351120002,0.84388679265976,0.601607382297516,0.47769924998283403,0.301183730363846
2017,Israel,7.212999820709231,11.0,1.3753824234008798,0.83840399980545,0.40598860383033797,0.330082654953003,0.0852421000599861
2017,Costa Rica,7.0789999961853,12.0,1.10970628261566,0.7595092654228209,0.580131649971008,0.21461322903633104,0.100106589496136
2017,Austria,7.00600004196167,13.0,1.4870972633361799,0.8153284192085269,0.567766189575195,0.316472321748734,0.22106036543846105
2017,United States,6.993000030517581,14.0,1.54625928401947,0.7742866277694699,0.505740523338318,0.392578780651093,0.135638788342476
2017,Ireland,6.9770002365112305,15.0,1.5357066392898602,0.8097826242446899,0.5731103420257571,0.42785832285881,0.29838815331459007
2017,Germany,6.9510002136230495,16.0,1.48792338371277,0.798950731754303,0.562511384487152,0.33626917004585305,0.276731938123703
2017,Belgium,6.89099979400635,17.0,1.4637807607650801,0.8180918693542479,0.5397707223892211,0.23150333762168898,0.251343131065369
2017,Luxembourg,6.86299991607666,18.0,1.74194359779358,0.845089495182037,0.59662789106369,0.283180981874466,0.31883442401886
2017,United Kingdom,6.71400022506714,19.0,1.44163393974304,0.805335938930511,0.508190035820007,0.492774158716202,0.265428066253662
2017,Chile,6.65199995040894,20.0,1.25278460979462,0.8194797039031979,0.376895278692245,0.3266624212265011,0.0822879821062088
2017,United Arab Emirates,6.6479997634887695,21.0,1.6263433694839498,0.726798236370087,0.60834527015686,0.3609419465065,0.324489563703537
2017,Brazil,6.6350002288818395,22.0,1.1073532104492199,0.6165523529052729,0.437453746795654,0.16234989464282998,0.11109276115894301
2017,Czech Republic,6.60900020599365,23.0,1.35268235206604,0.754444003105164,0.49094617366790794,0.0881067588925362,0.0368729270994663
2017,Argentina,6.59899997711182,24.0,1.18529546260834,0.695137083530426,0.49451920390129106,0.109457060694695,0.05973988771438599
2017,Mexico,6.57800006866455,25.0,1.1531838178634601,0.709978997707367,0.412730008363724,0.12099043279886199,0.132774114608765
2017,Singapore,6.57200002670288,26.0,1.69227766990662,0.9494923949241642,0.549840569496155,0.345965981483459,0.46430778503417997
2017,Malta,6.52699995040894,27.0,1.34327983856201,0.821944236755371,0.588767051696777,0.5747305750846861,0.153066068887711
2017,Uruguay,6.4539999961853,28.0,1.2175596952438401,0.719216823577881,0.5793922543525699,0.175096929073334,0.17806187272071802
2017,Guatemala,6.4539999961853,29.0,0.872001945972443,0.540239989757538,0.5313106179237371,0.283488392829895,0.0772232785820961
2017,Panama,6.4520001411438,30.0,1.23374843597412,0.706156134605408,0.550026834011078,0.21055693924427,0.070983923971653
2017,France,6.44199991226196,31.0,1.43092346191406,0.8444658517837521,0.470222115516663,0.129762306809425,0.172502428293228
2017,Thailand,6.4239997863769505,32.0,1.12786877155304,0.647239029407501,0.580200731754303,0.572123110294342,0.0316127352416515
2017,Taiwan Province of China,6.42199993133545,33.0,1.4336265325546298,0.793984234333038,0.361466586589813,0.258360475301743,0.0638292357325554
2017,Spain,6.40299987792969,34.0,1.38439786434174,0.888960599899292,0.408781230449677,0.190133571624756,0.0709140971302986
2017,Qatar,6.375,35.0,1.8707656860351598,0.7100980877876278,0.604130983352661,0.33047387003898604,0.43929925560951205
2017,Colombia,6.35699987411499,36.0,1.07062232494354,0.595027923583984,0.47748741507530196,0.14901447296142598,0.0466687418520451
2017,Saudi Arabia,6.343999862670901,37.0,1.53062355518341,0.590148329734802,0.449750572443008,0.147616013884544,0.27343225479126004
2017,Trinidad and Tobago,6.1680002212524405,38.0,1.36135590076447,0.5199832916259771,0.518630743026733,0.32529646158218395,0.00896481610834599
2017,Kuwait,6.10500001907349,39.0,1.63295245170593,0.6321057081222529,0.49633759260177596,0.228289797902107,0.21515955030918102
2017,Slovakia,6.09800004959106,40.0,1.32539355754852,0.712732911109924,0.295817464590073,0.136544480919838,0.0242108516395092
2017,Bahrain,6.08699989318848,41.0,1.4884122610092199,0.653133034706116,0.536746919155121,0.17266848683357197,0.257042169570923
2017,Malaysia,6.08400011062622,42.0,1.29121541976929,0.618784427642822,0.40226498246192893,0.416608929634094,0.0656007081270218
2017,Nicaragua,6.07100009918213,43.0,0.737299203872681,0.6530959606170649,0.447551846504211,0.301674216985703,0.130687981843948
2017,Ecuador,6.00799989700317,44.0,1.00082039833069,0.685636222362518,0.4551981985569,0.15011246502399403,0.140134647488594
2017,El Salvador,6.002999782562259,45.0,0.9097844958305359,0.596018552780151,0.432452529668808,0.0782579854130745,0.0899809598922729
2017,Poland,5.97300004959106,46.0,1.29178786277771,0.699475347995758,0.520342111587524,0.158465966582298,0.0593078061938286
2017,Uzbekistan,5.97100019454956,47.0,0.786441087722778,0.498272627592087,0.6582486629486078,0.41598364710807795,0.246528223156929
2017,Italy,5.96400022506714,48.0,1.3950666189193701,0.8531443476676941,0.256450712680817,0.17278964817523998,0.0280280914157629
2017,Russia,5.962999820709231,49.0,1.28177809715271,0.547349333763123,0.373783111572266,0.0522638224065304,0.0329628810286522
2017,Belize,5.955999851226809,50.0,0.907975316047668,0.45019176602363603,0.5475093722343439,0.24001564085483604,0.0965810716152191
2017,Japan,5.92000007629395,51.0,1.41691517829895,0.9134758710861209,0.505625545978546,0.12057276815175999,0.163760736584663
2017,Lithuania,5.90199995040894,52.0,1.3145823478698702,0.62894994020462,0.234231784939766,0.010164656676352,0.0118656428530812
2017,Algeria,5.872000217437741,53.0,1.09186446666718,0.6175846457481379,0.233335807919502,0.0694366469979286,0.14609611034393302
2017,Latvia,5.849999904632571,54.0,1.26074862480164,0.638566970825195,0.32570791244506797,0.153074786067009,0.0738427266478539
2017,South Korea,5.837999820709231,55.0,1.40167844295502,0.900214076042175,0.257921665906906,0.206674367189407,0.0632826685905457
2017,Moldova,5.837999820709231,56.0,0.7288706302642819,0.5894652009010309,0.24072904884815197,0.20877912640571603,0.0100912861526012
2017,Romania,5.824999809265139,57.0,1.21768391132355,0.6851583123207089,0.457003742456436,0.133519917726517,0.0043879006989300294
2017,Bolivia,5.82299995422363,58.0,0.833756566047668,0.47363024950027505,0.5587329268455511,0.22556072473526,0.0604777261614799
2017,Turkmenistan,5.82200002670288,59.0,1.1307767629623402,0.437726080417633,0.41827192902565,0.24992498755454998,0.25927034020423895
2017,Kazakhstan,5.8189997673034695,60.0,1.2845562696456898,0.6060415506362921,0.43745428323745705,0.20196442306041698,0.11928288638591802
2017,North Cyprus,5.80999994277954,61.0,1.3469113111496,0.834647238254547,0.47120362520217896,0.266845703125,0.155353352427483
2017,Slovenia,5.75799989700317,62.0,1.3412059545516999,0.7908282279968258,0.572575807571411,0.242649093270302,0.0451289787888527
2017,Peru,5.71500015258789,63.0,1.0352252721786501,0.6301661133766171,0.45000287890434293,0.126819714903831,0.0470490865409374
2017,Mauritius,5.62900018692017,64.0,1.1893955469131499,0.6380074620246889,0.491247326135635,0.360933750867844,0.0421815551817417
2017,Cyprus,5.62099981307983,65.0,1.3559380769729599,0.84471470117569,0.35511153936386103,0.271254301071167,0.0412379764020443
2017,Estonia,5.61100006103516,66.0,1.3208793401718102,0.695168316364288,0.479131430387497,0.0988908112049103,0.18324892222881303
2017,Belarus,5.5689997673034695,67.0,1.15655755996704,0.6377142667770389,0.295400261878967,0.15513750910759,0.156313821673393
2017,Libya,5.525000095367429,68.0,1.1018030643463101,0.520169019699097,0.465733230113983,0.15207366645336198,0.0926102101802826
2017,Turkey,5.5,69.0,1.1982743740081798,0.6376056075096129,0.300740599632263,0.0466930419206619,0.0996715798974037
2017,Paraguay,5.493000030517581,70.0,0.932537317276001,0.579250693321228,0.473507791757584,0.224150657653809,0.091065913438797
2017,"Hong Kong S.A.R., China",5.47200012207031,71.0,1.55167484283447,0.943062424659729,0.490968644618988,0.374465793371201,0.29393374919891396
2017,Philippines,5.42999982833862,72.0,0.85769921541214,0.46800905466079706,0.585214674472809,0.193513423204422,0.0993318930268288
2017,Serbia,5.39499998092651,73.0,1.06931757926941,0.65078467130661,0.20871552824974102,0.22012588381767298,0.0409037806093693
2017,Jordan,5.33599996566772,74.0,0.9910123944282528,0.6045900583267211,0.418421149253845,0.17217046022415197,0.11980327218771002
2017,Hungary,5.32399988174438,75.0,1.2860119342803997,0.6877634525299069,0.17586351931095098,0.0784016624093056,0.0366369374096394
2017,Jamaica,5.31099987030029,76.0,0.925579309463501,0.6410223841667181,0.474307239055634,0.23381833732128102,0.0552677810192108
2017,Croatia,5.2930002212524405,77.0,1.22255623340607,0.701288521289825,0.255772292613983,0.248002976179123,0.0431031100451946
2017,Kosovo,5.27899980545044,78.0,0.951484382152557,0.541452050209045,0.260287940502167,0.319931447505951,0.0574716180562973
2017,China,5.2729997634887695,79.0,1.08116579055786,0.741415500640869,0.47278770804405196,0.0288068410009146,0.0227942746132612
2017,Pakistan,5.26900005340576,80.0,0.7268835306167599,0.40204778313636796,0.23521526157856,0.31544601917266807,0.12434806674718901
2017,Indonesia,5.26200008392334,81.0,0.995538592338562,0.49234572052955605,0.443323463201523,0.611704587936401,0.0153171354904771
2017,Venezuela,5.25,82.0,1.12843120098114,0.617144227027893,0.15399712324142498,0.0650196298956871,0.0644911229610443
2017,Montenegro,5.23699998855591,83.0,1.12112903594971,0.6674646735191351,0.194989055395126,0.197911024093628,0.0881741940975189
2017,Morocco,5.2350001335144,84.0,0.8781145811080929,0.59771066904068,0.408158332109451,0.0322099551558495,0.0877631828188896
2017,Azerbaijan,5.234000205993651,85.0,1.1536017656326298,0.5407757759094239,0.39815583825111406,0.0452693402767181,0.180987507104874
2017,Dominican Republic,5.230000019073491,86.0,1.07937383651733,0.574873745441437,0.55258983373642,0.186967849731445,0.113945253193378
2017,Greece,5.2270002365112305,87.0,1.28948748111725,0.8101989030838009,0.0957312509417534,0.24688347161657387,0.043289776891470004
2017,Lebanon,5.22499990463257,88.0,1.07498753070831,0.7350810766220089,0.28851598501205394,0.26445075869560203,0.037513829767704
2017,Portugal,5.19500017166138,89.0,1.3151752948761002,0.795843541622162,0.498465299606323,0.0951027125120163,0.0158694516867399
2017,Bosnia and Herzegovina,5.18200016021729,90.0,0.982409417629242,0.705186307430267,0.204403176903725,0.328867495059967,0.12312022065142951
2017,Honduras,5.1810002326965305,91.0,0.730573117733002,0.582569479942322,0.348079860210419,0.23618887364864302,0.0733454525470734
2017,Macedonia,5.175000190734861,92.0,1.06457793712616,0.644948184490204,0.325905978679657,0.25376096367836,0.0602777935564518
2017,Somalia,5.151000022888179,93.0,0.0226431842893362,0.11398913711309401,0.602126955986023,0.291631311178207,0.28241032361984303
2017,Vietnam,5.07399988174438,94.0,0.7885475754737851,0.6521689891815191,0.571055591106415,0.23496805131435397,0.0876332372426987
2017,Nigeria,5.07399988174438,95.0,0.783756256103516,0.0569157302379608,0.394952565431595,0.23094719648361198,0.0261215660721064
2017,Tajikistan,5.04099988937378,96.0,0.524713635444641,0.5292351245880129,0.47156670689582797,0.24899764358997303,0.14637714624404902
2017,Bhutan,5.01100015640259,97.0,0.885416388511658,0.495879292488098,0.5015376806259161,0.474054545164108,0.17338038980960802
2017,Kyrgyzstan,5.0040001869201705,98.0,0.5962200760841371,0.553457796573639,0.454943388700485,0.42858037352562,0.0394391790032387
2017,Nepal,4.961999893188481,99.0,0.479820191860199,0.504130780696869,0.44030594825744607,0.39409616589546204,0.0729755461215973
2017,Mongolia,4.95499992370605,100.0,1.0272358655929599,0.557783484458923,0.39414396882057207,0.338464230298996,0.0329022891819477
2017,South Africa,4.8289999961853,101.0,1.05469870567322,0.18708007037639604,0.479246735572815,0.13936237990856198,0.0725094974040985
2017,Tunisia,4.80499982833862,102.0,1.00726580619812,0.613212049007416,0.289680689573288,0.0496933571994305,0.0867231488227844
2017,Palestinian Territories,4.77500009536743,103.0,0.716249227523804,0.565666973590851,0.25471106171608,0.114173173904419,0.0892826020717621
2017,Egypt,4.7350001335144,104.0,0.989701807498932,0.520187258720398,0.28211015462875394,0.128631442785263,0.114381365478039
2017,Bulgaria,4.71400022506714,105.0,1.1614590883255,0.708217680454254,0.28923171758651695,0.113177694380283,0.0110515309497714
2017,Sierra Leone,4.70900011062622,106.0,0.36842092871666,0.005564753897488121,0.318697690963745,0.293040901422501,0.0710951760411263
2017,Cameroon,4.69500017166138,107.0,0.564305365085602,0.132892116904259,0.430388748645782,0.23629845678806302,0.0513066314160824
2017,Iran,4.69199991226196,108.0,1.15687310695648,0.639333188533783,0.24932260811328896,0.387242913246155,0.048761073499918005
2017,Albania,4.64400005340576,109.0,0.996192753314972,0.731159746646881,0.381498634815216,0.20131294429302202,0.0398642159998417
2017,Bangladesh,4.60799980163574,110.0,0.586682975292206,0.533241033554077,0.478356659412384,0.17225535213947304,0.123717859387398
2017,Namibia,4.57399988174438,111.0,0.964434325695038,0.33861181139946,0.520303547382355,0.0771337449550629,0.0931469723582268
2017,Kenya,4.55299997329712,112.0,0.560479462146759,0.30998834967613204,0.45276376605033897,0.444860309362411,0.0646413192152977
2017,Mozambique,4.550000190734861,113.0,0.23430564999580397,0.10665443539619399,0.48079109191894503,0.322228103876114,0.17943638563156103
2017,Myanmar,4.54500007629395,114.0,0.36711055040359497,0.397522568702698,0.514492034912109,0.8380751609802249,0.188816204667091
2017,Senegal,4.53499984741211,115.0,0.479309022426605,0.409362852573395,0.37792226672172496,0.183468893170357,0.11546044796705199
2017,Zambia,4.513999938964839,116.0,0.6364067792892459,0.25783589482307395,0.461603492498398,0.249580144882202,0.0782135501503944
2017,Iraq,4.49700021743774,117.0,1.1027104854583702,0.501180469989777,0.288555532693863,0.19963726401329,0.10721575468778599
2017,Gabon,4.46500015258789,118.0,1.1982102394104,0.35657858848571794,0.31232857704162603,0.0437853783369064,0.0760467872023582
2017,Ethiopia,4.46000003814697,119.0,0.339233845472336,0.35340970754623396,0.408842742443085,0.31265074014663696,0.16545571386814098
2017,Sri Lanka,4.44000005722046,120.0,1.00985014438629,0.625130832195282,0.561213254928589,0.49086356163024897,0.0736539661884308
2017,Armenia,4.37599992752075,121.0,0.900596737861633,0.637524425983429,0.198303267359734,0.0834880918264389,0.0266744215041399
2017,India,4.31500005722046,122.0,0.7922212481498722,0.455427616834641,0.469987004995346,0.23153848946094502,0.0922268852591515
2017,Mauritania,4.29199981689453,123.0,0.6484572887420649,0.285349279642105,0.0960980430245399,0.201870024204254,0.136957004666328
2017,Congo (Brazzaville),4.29099988937378,124.0,0.8089642524719242,0.28995743393898,0.4350258708000179,0.12085212767124198,0.0796181336045265
2017,Georgia,4.28599977493286,125.0,0.950612664222717,0.649546980857849,0.309410035610199,0.0540088154375553,0.25166663527488703
2017,Congo (Kinshasa),4.2800002098083505,126.0,0.0921023488044739,0.191407024860382,0.235961347818375,0.246455833315849,0.0602413564920425
2017,Mali,4.19000005722046,127.0,0.476180493831635,0.16936567425727803,0.306613743305206,0.183354198932648,0.10497024655342098
2017,Ivory Coast,4.17999982833862,128.0,0.6030489206314089,0.0486421696841717,0.4477061927318571,0.201237469911575,0.130061775445938
2017,Cambodia,4.1680002212524405,129.0,0.6017650961875921,0.429783403873444,0.633375823497772,0.385922968387604,0.0681059509515762
2017,Sudan,4.138999938964839,130.0,0.6595166921615601,0.290920823812485,0.0149958552792668,0.182317450642586,0.089847519993782
2017,Ghana,4.11999988555908,131.0,0.667224824428558,0.29563772678375205,0.423026293516159,0.25692394375801103,0.0253363698720932
2017,Ukraine,4.09600019454956,132.0,0.89465194940567,0.575903952121735,0.12297477573156401,0.270061463117599,0.0230294708162546
2017,Uganda,4.08099985122681,133.0,0.381430715322495,0.21763260662555703,0.443185955286026,0.32576605677604703,0.057069718837738
2017,Burkina Faso,4.03200006484985,134.0,0.35022771358490007,0.21584425866603896,0.32436785101890603,0.250864684581757,0.12032810598611803
2017,Niger,4.02799987792969,135.0,0.16192533075809498,0.26850500702858,0.36365869641304,0.22867384552955602,0.13857294619083402
2017,Malawi,3.97000002861023,136.0,0.233442038297653,0.315089583396912,0.466914653778076,0.28717046976089505,0.0727116540074348
2017,Chad,3.9360001087188703,137.0,0.43801298737525896,0.0411347150802612,0.16234202682972002,0.21611385047435802,0.0535818822681904
2017,Zimbabwe,3.875,138.0,0.37584653496742204,0.19676375389099102,0.336384207010269,0.189143493771553,0.0953753814101219
2017,Lesotho,3.80800008773804,139.0,0.521021246910095,0.5513407826123219,0.390661299228668,0.157497271895409,0.119094640016556
2017,Angola,3.79500007629395,140.0,0.8584281802177429,0.0498686656355858,0.4087859728583886,0.09792649000883098,0.0697203353047371
2017,Afghanistan,3.7939999103546103,141.0,0.401477217674255,0.18074677884578697,0.106179520487785,0.311870932579041,0.0611578300595284
2017,Botswana,3.7660000324249303,142.0,1.12209415435791,0.34175550937652605,0.505196332931519,0.0993484482169151,0.0985831990838051
2017,Benin,3.65700006484985,143.0,0.43108540773391707,0.20993021130561804,0.42596277594566295,0.207948461174965,0.0609290152788162
2017,Madagascar,3.64400005340576,144.0,0.305808693170547,0.375223308801651,0.18919676542282102,0.208732530474663,0.0672319754958153
2017,Haiti,3.6029999256133998,145.0,0.368610262870789,0.277321130037308,0.0303698573261499,0.48920378088951094,0.0998721495270729
2017,Yemen,3.59299993515015,146.0,0.5916834473609921,0.310080915689468,0.24946372210979503,0.104125209152699,0.0567674227058887
2017,South Sudan,3.5910000801086404,147.0,0.39724862575531,0.163486003875732,0.147062435746193,0.285670816898346,0.116793513298035
2017,Liberia,3.5329999923706095,148.0,0.11904179304838199,0.229918196797371,0.33288118243217496,0.26654988527298,0.0389482490718365
2017,Guinea,3.50699996948242,149.0,0.24454993009567302,0.194129139184952,0.348587512969971,0.264815092086792,0.110937617719173
2017,Togo,3.4949998855590803,150.0,0.30544471740722695,0.247105568647385,0.38042613863945,0.19689615070819896,0.0956650152802467
2017,Rwanda,3.47099995613098,151.0,0.368745893239975,0.326424807310104,0.5818438529968261,0.25275602936744695,0.455220013856888
2017,Syria,3.46199989318848,152.0,0.777153134346008,0.5005333423614501,0.0815394446253777,0.49366372823715204,0.15134713053703303
2017,Tanzania,3.34899997711182,153.0,0.511135876178741,0.364509284496307,0.390017777681351,0.354256361722946,0.0660351067781448
2017,Burundi,2.90499997138977,154.0,0.09162256866693501,0.151610791683197,0.0599007532000542,0.20443518459796897,0.0841479450464249
2017,Central African Republic,2.69300007820129,155.0,0.9847182019463474,0.0187726859003305,0.270842045545578,0.280876487493515,0.0565650761127472
2018,Finland,7.632000000000001,1.0,1.305,0.8740000000000001,0.6809999999999999,0.20199999999999999,0.39299999999999996
2018,Norway,7.593999999999999,2.0,1.456,0.861,0.6859999999999999,0.28600000000000003,0.34
2018,Denmark,7.555,3.0,1.351,0.868,0.6829999999999999,0.284,0.408
2018,Iceland,7.495,4.0,1.3430000000000002,0.914,0.677,0.353,0.138
2018,Switzerland,7.487,5.0,1.42,0.927,0.66,0.256,0.35700000000000004
2018,Netherlands,7.441,6.0,1.361,0.878,0.638,0.33299999999999996,0.295
2018,Canada,7.327999999999999,7.0,1.33,0.8959999999999999,0.653,0.321,0.29100000000000004
2018,New Zealand,7.324,8.0,1.268,0.8759999999999999,0.669,0.365,0.389
2018,Sweden,7.314,9.0,1.355,0.9129999999999999,0.659,0.285,0.38299999999999995
2018,Australia,7.272,10.0,1.34,0.91,0.647,0.361,0.302
2018,United Kingdom,7.19,11.0,1.244,0.888,0.46399999999999997,0.262,0.08199999999999999
2018,Austria,7.138999999999999,12.0,1.341,0.8909999999999999,0.617,0.242,0.22399999999999998
2018,Costa Rica,7.072,13.0,1.01,0.8170000000000001,0.632,0.14300000000000002,0.10099999999999999
2018,Ireland,6.977,14.0,1.4480000000000002,0.8759999999999999,0.614,0.307,0.306
2018,Germany,6.965,15.0,1.34,0.861,0.586,0.273,0.28
2018,Belgium,6.9270000000000005,16.0,1.324,0.894,0.583,0.188,0.24
2018,Luxembourg,6.91,17.0,1.5759999999999998,0.8959999999999999,0.632,0.196,0.321
2018,United States,6.886,18.0,1.3980000000000001,0.8190000000000001,0.547,0.29100000000000004,0.133
2018,Israel,6.814,19.0,1.301,0.883,0.5329999999999999,0.354,0.272
2018,United Arab Emirates,6.774,20.0,2.096,0.67,0.284,0.18600000000000003,0.11200000000000002
2018,Czech Republic,6.711,21.0,1.2329999999999999,0.8540000000000001,0.5429999999999999,0.064,0.034
2018,Malta,6.627000000000001,22.0,1.27,0.884,0.645,0.376,0.142
2018,France,6.489,23.0,1.2930000000000001,0.9079999999999999,0.52,0.098,0.17600000000000002
2018,Mexico,6.4879999999999995,24.0,1.038,0.7609999999999999,0.479,0.069,0.095
2018,Chile,6.476,25.0,1.131,0.8079999999999999,0.431,0.19699999999999998,0.061
2018,Taiwan,6.441,26.0,1.365,0.857,0.418,0.151,0.078
2018,Panama,6.43,27.0,1.112,0.759,0.597,0.125,0.063
2018,Brazil,6.419,28.0,0.986,0.675,0.493,0.11,0.08800000000000001
2018,Argentina,6.388,29.0,1.073,0.7440000000000001,0.57,0.062,0.054000000000000006
2018,Guatemala,6.382000000000001,30.0,0.7809999999999999,0.608,0.604,0.179,0.071
2018,Uruguay,6.379,31.0,1.093,0.7709999999999999,0.625,0.13,0.155
2018,Qatar,6.374,32.0,1.649,0.748,0.654,0.256,0.171
2018,Saudi Arabia,6.371,33.0,1.379,0.633,0.509,0.098,0.127
2018,Singapore,6.343,34.0,1.5290000000000001,1.008,0.631,0.261,0.457
2018,Malaysia,6.322,35.0,1.161,0.669,0.35600000000000004,0.311,0.059000000000000004
2018,Spain,6.31,36.0,1.251,0.965,0.449,0.142,0.07400000000000001
2018,Colombia,6.26,37.0,0.96,0.635,0.531,0.099,0.039
2018,Trinidad & Tobago,6.192,38.0,1.2229999999999999,0.564,0.575,0.171,0.019
2018,Slovakia,6.172999999999999,39.0,1.21,0.7759999999999999,0.354,0.11800000000000001,0.013999999999999999
2018,El Salvador,6.167000000000001,40.0,0.8059999999999999,0.639,0.461,0.065,0.08199999999999999
2018,Nicaragua,6.141,41.0,0.6679999999999999,0.7,0.527,0.20800000000000002,0.128
2018,Poland,6.122999999999999,42.0,1.176,0.7809999999999999,0.546,0.10800000000000001,0.064
2018,Bahrain,6.105,43.0,1.338,0.698,0.594,0.243,0.12300000000000001
2018,Uzbekistan,6.096,44.0,0.7190000000000001,0.605,0.7240000000000001,0.32799999999999996,0.259
2018,Kuwait,6.082999999999999,45.0,1.474,0.675,0.5539999999999999,0.16699999999999998,0.106
2018,Thailand,6.072,46.0,1.016,0.7070000000000001,0.637,0.364,0.028999999999999998
2018,Italy,6.0,47.0,1.264,0.946,0.281,0.13699999999999998,0.027999999999999997
2018,Ecuador,5.973,48.0,0.889,0.736,0.556,0.114,0.12
2018,Belize,5.956,49.0,0.807,0.474,0.593,0.183,0.08900000000000001
2018,Lithuania,5.952000000000001,50.0,1.197,0.716,0.35,0.026000000000000002,0.006
2018,Slovenia,5.9479999999999995,51.0,1.219,0.856,0.633,0.16,0.051
2018,Romania,5.945,52.0,1.1159999999999999,0.726,0.528,0.08800000000000001,0.001
2018,Latvia,5.933,53.0,1.148,0.6709999999999999,0.363,0.092,0.066
2018,Japan,5.915,54.0,1.294,0.988,0.5529999999999999,0.079,0.15
2018,Mauritius,5.891,55.0,1.09,0.684,0.584,0.245,0.05
2018,Jamaica,5.89,56.0,0.8190000000000001,0.693,0.575,0.096,0.031
2018,South Korea,5.875,57.0,1.266,0.955,0.244,0.175,0.051
2018,Northern Cyprus,5.835,58.0,1.229,0.909,0.495,0.179,0.154
2018,Russia,5.81,59.0,1.151,0.599,0.39899999999999997,0.065,0.025
2018,Kazakhstan,5.79,60.0,1.143,0.631,0.45399999999999996,0.14800000000000002,0.121
2018,Cyprus,5.7620000000000005,61.0,1.229,0.909,0.423,0.20199999999999999,0.035
2018,Bolivia,5.752000000000001,62.0,0.7509999999999999,0.508,0.606,0.141,0.054000000000000006
2018,Estonia,5.739,63.0,1.2,0.737,0.5529999999999999,0.086,0.174
2018,Paraguay,5.681,64.0,0.835,0.615,0.541,0.162,0.07400000000000001
2018,Peru,5.662999999999999,65.0,0.934,0.674,0.53,0.092,0.034
2018,Kosovo,5.662000000000001,66.0,0.855,0.578,0.44799999999999995,0.27399999999999997,0.023
2018,Moldova,5.64,67.0,0.657,0.62,0.23199999999999998,0.171,0.11200000000000002
2018,Turkmenistan,5.636,68.0,1.016,0.517,0.41700000000000004,0.19899999999999998,0.037000000000000005
2018,Hungary,5.62,69.0,1.171,0.732,0.259,0.061,0.022000000000000002
2018,Libya,5.566,70.0,0.985,0.5529999999999999,0.496,0.11599999999999999,0.14800000000000002
2018,Philippines,5.524,71.0,0.775,0.513,0.643,0.12,0.105
2018,Honduras,5.504,72.0,0.62,0.622,0.45899999999999996,0.19699999999999998,0.07400000000000001
2018,Belarus,5.483,73.0,1.0390000000000001,0.7,0.307,0.10099999999999999,0.154
2018,Turkey,5.483,74.0,1.148,0.6859999999999999,0.324,0.106,0.109
2018,Pakistan,5.472,75.0,0.652,0.424,0.33399999999999996,0.21600000000000003,0.113
2018,Hong Kong,5.43,76.0,1.405,1.03,0.524,0.24600000000000002,0.29100000000000004
2018,Portugal,5.41,77.0,1.188,0.884,0.562,0.055,0.017
2018,Serbia,5.398,78.0,0.975,0.685,0.28800000000000003,0.134,0.043
2018,Greece,5.358,79.0,1.1540000000000001,0.879,0.131,0.1810064102564103,0.044000000000000004
2018,Lebanon,5.358,80.0,0.965,0.785,0.503,0.214,0.136
2018,Montenegro,5.347,81.0,1.0170000000000001,0.7290000000000001,0.259,0.111,0.081
2018,Croatia,5.321000000000001,82.0,1.115,0.737,0.38,0.12,0.039
2018,Dominican Republic,5.3020000000000005,83.0,0.982,0.614,0.578,0.12,0.106
2018,Algeria,5.295,84.0,0.9790000000000001,0.687,0.077,0.055,0.135
2018,Morocco,5.254,85.0,0.779,0.669,0.46,0.026000000000000002,0.07400000000000001
2018,China,5.246,86.0,0.9890000000000001,0.799,0.597,0.028999999999999998,0.10300000000000001
2018,Azerbaijan,5.2010000000000005,87.0,1.024,0.603,0.43,0.031,0.17600000000000002
2018,Tajikistan,5.199,88.0,0.474,0.598,0.292,0.187,0.034
2018,Macedonia,5.185,89.0,0.9590000000000001,0.691,0.39399999999999996,0.17300000000000001,0.052000000000000005
2018,Jordan,5.1610000000000005,90.0,0.8220000000000001,0.645,0.46799999999999997,0.13,0.134
2018,Nigeria,5.155,91.0,0.6890000000000001,0.048,0.462,0.201,0.032
2018,Kyrgyzstan,5.131,92.0,0.53,0.594,0.54,0.281,0.035
2018,Bosnia and Herzegovina,5.129,93.0,0.915,0.758,0.28,0.21600000000000003,0.11200000000000002
2018,Mongolia,5.125,94.0,0.914,0.575,0.395,0.253,0.032
2018,Vietnam,5.103,95.0,0.715,0.7020000000000001,0.618,0.177,0.079
2018,Indonesia,5.093,96.0,0.899,0.522,0.5379999999999999,0.484,0.018000000000000002
2018,Bhutan,5.082,97.0,0.7959999999999999,0.527,0.541,0.364,0.171
2018,Somalia,4.982,98.0,0.8914487179487178,0.115,0.674,0.23800000000000002,0.282
2018,Cameroon,4.975,99.0,0.535,0.182,0.45399999999999996,0.183,0.043
2018,Bulgaria,4.933,100.0,1.054,0.7120000000000001,0.359,0.064,0.009000000000000001
2018,Nepal,4.88,101.0,0.425,0.539,0.526,0.302,0.078
2018,Venezuela,4.806,102.0,0.996,0.657,0.133,0.055999999999999994,0.052000000000000005
2018,Gabon,4.758,103.0,1.036,0.40399999999999997,0.35600000000000004,0.032,0.052000000000000005
2018,Palestinian Territories,4.743,104.0,0.642,0.602,0.266,0.086,0.076
2018,South Africa,4.724,105.0,0.94,0.33,0.516,0.10300000000000001,0.055999999999999994
2018,Iran,4.707,106.0,1.0590000000000002,0.691,0.45899999999999996,0.282,0.129
2018,Ivory Coast,4.671,107.0,0.541,0.08,0.467,0.146,0.10300000000000001
2018,Ghana,4.657,108.0,0.5920000000000001,0.337,0.499,0.212,0.028999999999999998
2018,Senegal,4.631,109.0,0.429,0.433,0.406,0.138,0.08199999999999999
2018,Laos,4.623,110.0,0.72,0.441,0.626,0.23,0.174
2018,Tunisia,4.592,111.0,0.9,0.69,0.271,0.04,0.063
2018,Albania,4.586,112.0,0.9159999999999999,0.79,0.419,0.149,0.032
2018,Sierra Leone,4.571000000000001,113.0,0.256,0.5973461538461537,0.355,0.23800000000000002,0.053
2018,Congo (Brazzaville),4.559,114.0,0.682,0.34299999999999997,0.514,0.091,0.077
2018,Bangladesh,4.5,115.0,0.532,0.579,0.58,0.153,0.14400000000000002
2018,Sri Lanka,4.471,116.0,0.9179999999999999,0.672,0.585,0.307,0.05
2018,Iraq,4.456,117.0,1.01,0.536,0.304,0.14800000000000002,0.095
2018,Mali,4.447,118.0,0.37,0.152,0.36700000000000005,0.139,0.055999999999999994
2018,Namibia,4.441,119.0,0.8740000000000001,0.365,0.519,0.051,0.064
2018,Cambodia,4.433,120.0,0.5489999999999999,0.457,0.696,0.256,0.065
2018,Burkina Faso,4.4239999999999995,121.0,0.314,0.254,0.312,0.175,0.128
2018,Egypt,4.419,122.0,0.885,0.5529999999999999,0.312,0.092,0.107
2018,Mozambique,4.417,123.0,0.198,0.17300000000000001,0.531,0.20600000000000002,0.158
2018,Kenya,4.41,124.0,0.493,0.45399999999999996,0.504,0.35200000000000004,0.055
2018,Zambia,4.377,125.0,0.562,0.295,0.503,0.221,0.08199999999999999
2018,Mauritania,4.356,126.0,0.557,0.292,0.129,0.134,0.09300000000000001
2018,Ethiopia,4.35,127.0,0.308,0.391,0.452,0.22,0.146
2018,Georgia,4.34,128.0,0.853,0.643,0.375,0.038,0.215
2018,Armenia,4.321000000000001,129.0,0.816,0.6659999999999999,0.26,0.077,0.027999999999999997
2018,Myanmar,4.308,130.0,0.682,0.429,0.58,0.598,0.17800000000000002
2018,Chad,4.301,131.0,0.358,0.053,0.18899999999999997,0.18100000000000002,0.06
2018,Congo (Kinshasa),4.245,132.0,0.069,0.204,0.312,0.19699999999999998,0.052000000000000005
2018,India,4.19,133.0,0.721,0.485,0.539,0.172,0.09300000000000001
2018,Niger,4.166,134.0,0.131,0.221,0.39,0.175,0.099
2018,Uganda,4.1610000000000005,135.0,0.322,0.237,0.45,0.259,0.061
2018,Benin,4.141,136.0,0.37799999999999995,0.24,0.44,0.163,0.067
2018,Sudan,4.138999999999999,137.0,0.605,0.312,0.016,0.134,0.08199999999999999
2018,Ukraine,4.103,138.0,0.7929999999999999,0.609,0.163,0.187,0.011000000000000001
2018,Togo,3.9989999999999997,139.0,0.259,0.253,0.434,0.158,0.10099999999999999
2018,Guinea,3.964,140.0,0.344,0.21100000000000002,0.39399999999999996,0.185,0.094
2018,Lesotho,3.8080000000000003,141.0,0.47200000000000003,0.079,0.423,0.11599999999999999,0.11199999999999999
2018,Angola,3.795,142.0,0.73,0.26899999999999996,0.4545064102564102,0.079,0.061
2018,Madagascar,3.7739999999999996,143.0,0.262,0.402,0.221,0.155,0.049
2018,Zimbabwe,3.6919999999999997,144.0,0.35700000000000004,0.248,0.406,0.132,0.099
2018,Afghanistan,3.6319999999999997,145.0,0.332,0.255,0.085,0.191,0.036000000000000004
2018,Botswana,3.59,146.0,1.0170000000000001,0.41700000000000004,0.557,0.042,0.092
2018,Malawi,3.5869999999999997,147.0,0.18600000000000003,0.306,0.531,0.21,0.08
2018,Haiti,3.582,148.0,0.315,0.289,0.025,0.392,0.10400000000000001
2018,Liberia,3.495,149.0,0.076,0.267,0.419,0.20600000000000002,0.03
2018,Syria,3.4619999999999997,150.0,0.6890000000000001,0.539,0.08800000000000001,0.376,0.14400000000000002
2018,Rwanda,3.408,151.0,0.332,0.4,0.636,0.2,0.444
2018,Yemen,3.355,152.0,0.442,0.34299999999999997,0.244,0.083,0.064
2018,Tanzania,3.303,153.0,0.455,0.381,0.48100000000000004,0.27,0.09699999999999999
2018,South Sudan,3.2539999999999996,154.0,0.337,0.177,0.11199999999999999,0.22399999999999998,0.106
2018,Central African Republic,3.083,155.0,0.024,0.01,0.305,0.218,0.038
2018,Burundi,2.905,156.0,0.091,0.145,0.065,0.149,0.076
2019,Finland,7.769,1.0,1.34,0.986,0.596,0.153,0.39299999999999996
2019,Denmark,7.6,2.0,1.383,0.996,0.5920000000000001,0.252,0.41
2019,Norway,7.553999999999999,3.0,1.4880000000000002,1.028,0.603,0.271,0.341
2019,Iceland,7.494,4.0,1.38,1.026,0.591,0.354,0.11800000000000001
2019,Netherlands,7.4879999999999995,5.0,1.396,0.9990000000000001,0.557,0.322,0.298
2019,Switzerland,7.48,6.0,1.452,1.052,0.5720000000000001,0.263,0.34299999999999997
2019,Sweden,7.343,7.0,1.3869999999999998,1.0090000000000001,0.574,0.267,0.373
2019,New Zealand,7.307,8.0,1.3030000000000002,1.026,0.585,0.33,0.38
2019,Canada,7.278,9.0,1.365,1.0390000000000001,0.584,0.285,0.308
2019,Austria,7.246,10.0,1.376,1.016,0.532,0.244,0.226
2019,Australia,7.228,11.0,1.3719999999999999,1.036,0.557,0.332,0.29
2019,Costa Rica,7.167000000000001,12.0,1.034,0.963,0.5579999999999999,0.14400000000000002,0.09300000000000001
2019,Israel,7.138999999999999,13.0,1.276,1.0290000000000001,0.371,0.261,0.08199999999999999
2019,Luxembourg,7.09,14.0,1.609,1.012,0.526,0.19399999999999998,0.316
2019,United Kingdom,7.053999999999999,15.0,1.3330000000000002,0.996,0.45,0.348,0.278
2019,Ireland,7.021,16.0,1.499,0.9990000000000001,0.516,0.298,0.31
2019,Germany,6.985,17.0,1.3730000000000002,0.987,0.495,0.261,0.265
2019,Belgium,6.922999999999999,18.0,1.3559999999999999,0.986,0.473,0.16,0.21
2019,United States,6.892,19.0,1.433,0.8740000000000001,0.45399999999999996,0.28,0.128
2019,Czech Republic,6.852,20.0,1.2690000000000001,0.92,0.457,0.046,0.036000000000000004
2019,United Arab Emirates,6.825,21.0,1.5030000000000001,0.825,0.598,0.262,0.182
2019,Malta,6.726,22.0,1.3,0.9990000000000001,0.564,0.375,0.151
2019,Mexico,6.595,23.0,1.07,0.861,0.433,0.07400000000000001,0.073
2019,France,6.5920000000000005,24.0,1.324,1.045,0.436,0.111,0.183
2019,Taiwan,6.446000000000001,25.0,1.368,0.914,0.35100000000000003,0.242,0.09699999999999999
2019,Chile,6.444,26.0,1.159,0.92,0.35700000000000004,0.187,0.055999999999999994
2019,Guatemala,6.436,27.0,0.8,0.746,0.535,0.175,0.078
2019,Saudi Arabia,6.375,28.0,1.403,0.795,0.439,0.08,0.132
2019,Qatar,6.374,29.0,1.6840000000000002,0.871,0.555,0.22,0.16699999999999998
2019,Spain,6.354,30.0,1.286,1.062,0.36200000000000004,0.153,0.079
2019,Panama,6.321000000000001,31.0,1.149,0.91,0.516,0.109,0.054000000000000006
2019,Brazil,6.3,32.0,1.004,0.802,0.39,0.099,0.086
2019,Uruguay,6.292999999999999,33.0,1.124,0.8909999999999999,0.523,0.127,0.15
2019,Singapore,6.2620000000000005,34.0,1.5719999999999998,1.141,0.556,0.271,0.45299999999999996
2019,El Salvador,6.252999999999999,35.0,0.794,0.789,0.43,0.09300000000000001,0.07400000000000001
2019,Italy,6.223,36.0,1.294,1.0390000000000001,0.231,0.158,0.03
2019,Bahrain,6.199,37.0,1.3619999999999999,0.871,0.536,0.255,0.11
2019,Slovakia,6.1979999999999995,38.0,1.246,0.8809999999999999,0.33399999999999996,0.121,0.013999999999999999
2019,Trinidad & Tobago,6.192,39.0,1.2309999999999999,0.713,0.489,0.185,0.016
2019,Poland,6.182,40.0,1.206,0.884,0.483,0.11699999999999999,0.05
2019,Uzbekistan,6.1739999999999995,41.0,0.745,0.7559999999999999,0.631,0.322,0.24
2019,Lithuania,6.149,42.0,1.238,0.818,0.29100000000000004,0.043,0.042
2019,Colombia,6.125,43.0,0.985,0.841,0.47,0.099,0.034
2019,Slovenia,6.117999999999999,44.0,1.258,0.953,0.564,0.14400000000000002,0.057
2019,Nicaragua,6.105,45.0,0.6940000000000001,0.835,0.435,0.2,0.127
2019,Kosovo,6.1,46.0,0.882,0.758,0.489,0.262,0.006
2019,Argentina,6.086,47.0,1.092,0.8809999999999999,0.47100000000000003,0.066,0.05
2019,Romania,6.07,48.0,1.162,0.825,0.462,0.083,0.005
2019,Cyprus,6.046,49.0,1.263,1.042,0.406,0.19,0.040999999999999995
2019,Ecuador,6.028,50.0,0.912,0.868,0.498,0.126,0.087
2019,Kuwait,6.021,51.0,1.5,0.8079999999999999,0.493,0.142,0.09699999999999999
2019,Thailand,6.007999999999999,52.0,1.05,0.828,0.557,0.359,0.027999999999999997
2019,Latvia,5.94,53.0,1.187,0.812,0.264,0.075,0.064
2019,South Korea,5.895,54.0,1.301,1.036,0.159,0.175,0.055999999999999994
2019,Estonia,5.893,55.0,1.237,0.8740000000000001,0.495,0.10300000000000001,0.161
2019,Jamaica,5.89,56.0,0.831,0.831,0.49,0.107,0.027999999999999997
2019,Mauritius,5.888,57.0,1.12,0.7979999999999999,0.498,0.215,0.06
2019,Japan,5.886,58.0,1.327,1.088,0.445,0.069,0.14
2019,Honduras,5.86,59.0,0.642,0.828,0.507,0.24600000000000002,0.078
2019,Kazakhstan,5.809,60.0,1.173,0.7290000000000001,0.41,0.146,0.096
2019,Bolivia,5.779,61.0,0.7759999999999999,0.706,0.511,0.13699999999999998,0.064
2019,Hungary,5.757999999999999,62.0,1.2009999999999998,0.828,0.19899999999999998,0.081,0.02
2019,Paraguay,5.742999999999999,63.0,0.855,0.777,0.514,0.184,0.08
2019,Northern Cyprus,5.718,64.0,1.263,1.042,0.41700000000000004,0.191,0.162
2019,Peru,5.697,65.0,0.96,0.8540000000000001,0.455,0.083,0.027000000000000003
2019,Portugal,5.693,66.0,1.2209999999999999,0.9990000000000001,0.508,0.047,0.025
2019,Pakistan,5.653,67.0,0.677,0.535,0.313,0.22,0.098
2019,Russia,5.648,68.0,1.183,0.726,0.33399999999999996,0.08199999999999999,0.031
2019,Philippines,5.631,69.0,0.807,0.657,0.5579999999999999,0.11699999999999999,0.107
2019,Serbia,5.603,70.0,1.004,0.8540000000000001,0.282,0.13699999999999998,0.039
2019,Moldova,5.529,71.0,0.685,0.7390000000000001,0.245,0.18100000000000002,0.11060256410256411
2019,Libya,5.525,72.0,1.044,0.6729999999999999,0.41600000000000004,0.133,0.152
2019,Montenegro,5.523,73.0,1.051,0.871,0.19699999999999998,0.142,0.08
2019,Tajikistan,5.4670000000000005,74.0,0.493,0.718,0.389,0.23,0.14400000000000002
2019,Croatia,5.432,75.0,1.155,0.914,0.29600000000000004,0.11900000000000001,0.022000000000000002
2019,Hong Kong,5.43,76.0,1.4380000000000002,1.122,0.44,0.258,0.287
2019,Dominican Republic,5.425,77.0,1.015,0.779,0.49700000000000005,0.113,0.10099999999999999
2019,Bosnia and Herzegovina,5.386,78.0,0.945,0.845,0.212,0.263,0.006
2019,Turkey,5.372999999999999,79.0,1.183,0.8079999999999999,0.195,0.083,0.106
2019,Malaysia,5.3389999999999995,80.0,1.2209999999999999,0.828,0.508,0.26,0.024
2019,Belarus,5.3229999999999995,81.0,1.067,0.789,0.235,0.094,0.142
2019,Greece,5.287000000000001,82.0,1.181,0.9990000000000001,0.067,0.18484615384615383,0.034
2019,Mongolia,5.285,83.0,0.948,0.667,0.317,0.235,0.038
2019,North Macedonia,5.274,84.0,0.983,0.838,0.345,0.185,0.034
2019,Nigeria,5.265,85.0,0.696,0.245,0.426,0.215,0.040999999999999995
2019,Kyrgyzstan,5.261,86.0,0.551,0.723,0.508,0.3,0.023
2019,Turkmenistan,5.247000000000001,87.0,1.052,0.657,0.39399999999999996,0.244,0.027999999999999997
2019,Algeria,5.211,88.0,1.002,0.785,0.086,0.073,0.114
2019,Morocco,5.207999999999999,89.0,0.8009999999999999,0.782,0.418,0.036000000000000004,0.076
2019,Azerbaijan,5.207999999999999,90.0,1.043,0.769,0.35100000000000003,0.035,0.182
2019,Lebanon,5.197,91.0,0.987,0.815,0.21600000000000003,0.166,0.027000000000000003
2019,Indonesia,5.192,92.0,0.9309999999999999,0.66,0.491,0.498,0.027999999999999997
2019,China,5.191,93.0,1.0290000000000001,0.893,0.521,0.057999999999999996,0.1
2019,Vietnam,5.175,94.0,0.741,0.851,0.5429999999999999,0.147,0.073
2019,Bhutan,5.082,95.0,0.813,0.604,0.457,0.37,0.16699999999999998
2019,Cameroon,5.044,96.0,0.5489999999999999,0.331,0.381,0.187,0.037000000000000005
2019,Bulgaria,5.011,97.0,1.092,0.815,0.311,0.081,0.004
2019,Ghana,4.996,98.0,0.611,0.486,0.381,0.245,0.04
2019,Ivory Coast,4.944,99.0,0.569,0.23199999999999998,0.35200000000000004,0.154,0.09
2019,Nepal,4.913,100.0,0.446,0.677,0.439,0.285,0.08900000000000001
2019,Jordan,4.906000000000001,101.0,0.8370000000000001,0.815,0.38299999999999995,0.11,0.13
2019,Benin,4.883,102.0,0.39299999999999996,0.397,0.349,0.175,0.08199999999999999
2019,Congo (Brazzaville),4.812,103.0,0.6729999999999999,0.508,0.37200000000000005,0.105,0.09300000000000001
2019,Gabon,4.7989999999999995,104.0,1.057,0.5710000000000001,0.295,0.043,0.055
2019,Laos,4.796,105.0,0.764,0.551,0.547,0.266,0.16399999999999998
2019,South Africa,4.7219999999999995,106.0,0.96,0.469,0.389,0.13,0.055
2019,Albania,4.718999999999999,107.0,0.9470000000000001,0.8740000000000001,0.38299999999999995,0.17800000000000002,0.027000000000000003
2019,Venezuela,4.707,108.0,0.96,0.805,0.154,0.064,0.047
2019,Cambodia,4.7,109.0,0.574,0.637,0.609,0.23199999999999998,0.062
2019,Palestinian Territories,4.696000000000001,110.0,0.657,0.672,0.225,0.10300000000000001,0.066
2019,Senegal,4.681,111.0,0.45,0.5710000000000001,0.292,0.153,0.07200000000000001
2019,Somalia,4.668,112.0,0.9051474358974363,0.268,0.5589999999999999,0.243,0.27
2019,Namibia,4.638999999999999,113.0,0.879,0.47700000000000004,0.401,0.07,0.055999999999999994
2019,Niger,4.628,114.0,0.138,0.366,0.318,0.188,0.102
2019,Burkina Faso,4.587,115.0,0.331,0.38,0.255,0.177,0.113
2019,Armenia,4.559,116.0,0.85,0.815,0.28300000000000003,0.095,0.064
2019,Iran,4.548,117.0,1.1,0.785,0.305,0.27,0.125
2019,Guinea,4.534,118.0,0.38,0.375,0.332,0.207,0.086
2019,Georgia,4.519,119.0,0.8859999999999999,0.752,0.34600000000000003,0.043,0.16399999999999998
2019,Gambia,4.516,120.0,0.308,0.428,0.382,0.26899999999999996,0.16699999999999998
2019,Kenya,4.5089999999999995,121.0,0.512,0.581,0.431,0.37200000000000005,0.053
2019,Mauritania,4.49,122.0,0.57,0.489,0.066,0.106,0.08800000000000001
2019,Mozambique,4.466,123.0,0.204,0.39,0.494,0.19699999999999998,0.138
2019,Tunisia,4.461,124.0,0.9209999999999999,0.815,0.16699999999999998,0.059000000000000004,0.055
2019,Bangladesh,4.456,125.0,0.562,0.723,0.527,0.166,0.14300000000000002
2019,Iraq,4.437,126.0,1.043,0.574,0.24100000000000002,0.14800000000000002,0.08900000000000001
2019,Congo (Kinshasa),4.418,127.0,0.094,0.35700000000000004,0.26899999999999996,0.212,0.053
2019,Mali,4.39,128.0,0.385,0.308,0.327,0.153,0.052000000000000005
2019,Sierra Leone,4.374,129.0,0.268,0.242,0.309,0.252,0.045
2019,Sri Lanka,4.3660000000000005,130.0,0.9490000000000001,0.831,0.47,0.244,0.047
2019,Myanmar,4.36,131.0,0.71,0.555,0.525,0.5660000000000001,0.172
2019,Chad,4.35,132.0,0.35,0.192,0.174,0.198,0.078
2019,Ukraine,4.332,133.0,0.82,0.7390000000000001,0.17800000000000002,0.187,0.01
2019,Ethiopia,4.2860000000000005,134.0,0.336,0.532,0.344,0.209,0.1
2019,Swaziland,4.212,135.0,0.8109999999999999,0.7252435897435898,0.313,0.07400000000000001,0.135
2019,Uganda,4.189,136.0,0.332,0.44299999999999995,0.35600000000000004,0.252,0.06
2019,Egypt,4.166,137.0,0.9129999999999999,0.644,0.24100000000000002,0.076,0.067
2019,Zambia,4.107,138.0,0.578,0.426,0.431,0.247,0.087
2019,Togo,4.085,139.0,0.275,0.41,0.293,0.177,0.085
2019,India,4.015,140.0,0.755,0.588,0.498,0.2,0.085
2019,Liberia,3.975,141.0,0.073,0.44299999999999995,0.37,0.233,0.033
2019,Comoros,3.9730000000000003,142.0,0.27399999999999997,0.505,0.142,0.275,0.078
2019,Madagascar,3.9330000000000003,143.0,0.27399999999999997,0.555,0.14800000000000002,0.16899999999999998,0.040999999999999995
2019,Lesotho,3.802,144.0,0.489,0.168,0.359,0.107,0.09300000000000001
2019,Burundi,3.775,145.0,0.046,0.38,0.22,0.17600000000000002,0.18
2019,Zimbabwe,3.6630000000000003,146.0,0.366,0.433,0.361,0.151,0.08900000000000001
2019,Haiti,3.597,147.0,0.32299999999999995,0.449,0.026000000000000002,0.419,0.11
2019,Botswana,3.488,148.0,1.041,0.5379999999999999,0.455,0.025,0.1
2019,Syria,3.4619999999999997,149.0,0.619,0.44,0.013000000000000001,0.331,0.141
2019,Malawi,3.41,150.0,0.191,0.495,0.44299999999999995,0.218,0.08900000000000001
2019,Yemen,3.38,151.0,0.287,0.46299999999999997,0.14300000000000002,0.10800000000000001,0.077
2019,Rwanda,3.3339999999999996,152.0,0.359,0.614,0.555,0.217,0.41100000000000003
2019,Tanzania,3.2310000000000003,153.0,0.47600000000000003,0.499,0.41700000000000004,0.276,0.147
2019,Afghanistan,3.2030000000000003,154.0,0.35,0.361,0.3925705128205128,0.158,0.025
2019,Central African Republic,3.083,155.0,0.026000000000000002,0.105,0.225,0.235,0.035
2019,South Sudan,2.853,156.0,0.306,0.295,0.01,0.20199999999999999,0.091
2020,Finland,7.808700085,1.0,10.63926697,71.9008255,0.949172199,-0.059482019000000004,0.19544458399999998
2020,Denmark,7.645599842,2.0,10.77400112,72.40250397,0.9514442679999999,0.06620177599999999,0.168489456
2020,Switzerland,7.559899807000001,3.0,10.97993279,74.10244751,0.921336651,0.105911039,0.303728431
2020,Iceland,7.504499912000001,4.0,10.77255917,73.0,0.948891878,0.246944219,0.7117097379999999
2020,Norway,7.487999916000001,5.0,11.08780384,73.20078278,0.955750287,0.13453263,0.26321819399999996
2020,Netherlands,7.448900223,6.0,10.81271172,72.30091858,0.908547819,0.20761244,0.364717126
2020,Sweden,7.353499889,7.0,10.75879383,72.60076904,0.939144194,0.111614622,0.250880182
2020,New Zealand,7.2996001239999995,8.0,10.50094318,73.20262909,0.9362174870000001,0.191598073,0.22113885
2020,Austria,7.294199944,9.0,10.7428236,73.00250244,0.899989486,0.085429221,0.49995487899999996
2020,Luxembourg,7.2375001910000005,10.0,11.45068073,72.59999847,0.90563643,-0.004620588,0.367084295
2020,Canada,7.23210001,11.0,10.69236851,73.60160065,0.9339132309999999,0.124770768,0.390843362
2020,Australia,7.222799778,12.0,10.72059631,73.60453796,0.915431738,0.19046016,0.41516912
2020,United Kingdom,7.164500237,13.0,10.60013485,72.30160522,0.834743679,0.263732493,0.43591591700000004
2020,Israel,7.128600121,14.0,10.41752529,73.20025635,0.7475805879999999,0.10259372,0.78085506
2020,Costa Rica,7.121399879,15.0,9.658156395,71.29985046,0.9347389340000001,-0.10242971,0.7863324279999999
2020,Ireland,7.093699932000001,16.0,11.16097832,72.30078888,0.8869829770000001,0.145784974,0.357184172
2020,Germany,7.075799942000001,17.0,10.7328186,72.20201874,0.867371082,0.08017938599999999,0.456422031
2020,United States,6.939599991000001,18.0,10.92576885,68.29949951,0.842619538,0.149891734,0.6997153159999999
2020,Czech Republic,6.9109001160000005,19.0,10.40416336,70.04793549,0.818537354,-0.230861515,0.85844624
2020,Belgium,6.863500117999999,20.0,10.673639300000001,72.00164795,0.813582063,-0.078691199,0.612297952
2020,United Arab Emirates,6.790800095,21.0,11.1099987,67.08278656,0.941345513,0.123450845,0.594502211
2020,Malta,6.772799968999999,22.0,10.53383827,72.19999695,0.9249114390000001,0.214965805,0.658547282
2020,France,6.663799762999999,23.0,10.58422279,73.80193329,0.8254676459999999,-0.130641967,0.583521128
2020,Mexico,6.465000152999999,24.0,9.797797203,68.29902649,0.8587092759999999,-0.175266623,0.806821585
2020,Taiwan Province of China,6.45539999,25.0,10.77568531,69.59999847,0.77153033,-0.07319869799999999,0.73188293
2020,Uruguay,6.440100192999999,26.0,9.948192596,69.00254822,0.892395437,-0.101103112,0.635994136
2020,Saudi Arabia,6.406499863,27.0,10.79781246,66.30514526,0.854191244,-0.16869506199999998,0.682619512
2020,Spain,6.4008998870000005,28.0,10.46292686,74.40270996,0.751989543,-0.050961714000000005,0.765859902
2020,Guatemala,6.398900032,29.0,8.924805641,64.8089447,0.9081475729999999,-0.042938665,0.783237457
2020,Italy,6.38740015,30.0,10.48183632,73.60168457,0.66465199,-0.04346099900000001,0.873404682
2020,Singapore,6.377099991000001,31.0,11.39552116,76.80458069,0.926645339,0.029879224,0.109784193
2020,Brazil,6.375599861,32.0,9.56643486,66.48016357,0.799804807,-0.10181239199999999,0.7706012729999999
2020,Slovenia,6.363399982000001,33.0,10.39232254,71.1029892,0.936142623,-0.080603383,0.817071021
2020,El Salvador,6.34829998,34.0,8.909075737,66.10826111,0.833805263,-0.12107297800000001,0.754319906
2020,Kosovo,6.325200081,35.0,9.204429626,63.88555527,0.861535907,0.19093376399999998,0.922328293
2020,Panama,6.304800033999999,36.0,10.03423405,69.60301208,0.880366504,-0.153927714,0.851588905
2020,Slovakia,6.280600071,37.0,10.34774971,68.90634155,0.7499526740000001,-0.12440930300000001,0.918096125
2020,Uzbekistan,6.257599831,38.0,8.740371704,65.10757446,0.974998116,0.248427153,0.501497388
2020,Chile,6.228499889,39.0,10.0320549,69.90061951,0.7448962929999999,-0.065668367,0.838239431
2020,Bahrain,6.227300167,40.0,10.67638016,68.5,0.905855775,0.13372919,0.7393470999999999
2020,Lithuania,6.215499877999999,41.0,10.34362602,67.29407501,0.747381449,-0.21972529600000001,0.809583843
2020,Trinidad and Tobago,6.1918997760000005,42.0,10.26000214,63.5,0.8579071159999999,0.000526841,0.9122306109999999
2020,Poland,6.1862998010000005,43.0,10.26512432,69.31113434,0.8620557790000001,-0.205084071,0.6869270209999999
2020,Colombia,6.163400172999999,44.0,9.500369072,67.69958496,0.8361799120000001,-0.161235645,0.86457181
2020,Cyprus,6.15899992,45.0,10.40570259,73.70222473,0.7798582909999999,0.043731495999999995,0.8562717440000001
2020,Nicaragua,6.13710022,46.0,8.493160247999999,67.50717926,0.8639028670000001,0.020959141,0.665950119
2020,Romania,6.123700142000001,47.0,10.107584,67.20723724,0.842823207,-0.19781521,0.9343002440000001
2020,Kuwait,6.102099895,48.0,11.08982468,66.76764679,0.8723664879999999,-0.100184701,0.7608490590000001
2020,Mauritius,6.101299762999999,49.0,9.956786156,66.40434265,0.889534533,-0.018318573,0.8053430909999999
2020,Kazakhstan,6.0578999520000005,50.0,10.11465836,64.60996246,0.811601937,-0.068488635,0.7644908429999999
2020,Estonia,6.0218000410000005,51.0,10.34001732,68.60495758,0.87770915,-0.111697771,0.623073816
2020,Philippines,6.006000042,52.0,8.993545532,61.92676163,0.915463448,-0.105463006,0.7336341140000001
2020,Hungary,6.000400066,53.0,10.24924374,67.60997009,0.718964577,-0.19432301800000001,0.892916501
2020,Thailand,5.9987998010000005,54.0,9.741791725,67.25059509,0.905063033,0.268685192,0.8862723109999999
2020,Argentina,5.974699974,55.0,9.810955048,68.80380249,0.831132412,-0.194913864,0.8420098420000001
2020,Honduras,5.953199862999999,56.0,8.424534798,67.19876862,0.870603263,0.086969115,0.801131904
2020,Latvia,5.9499998089999995,57.0,10.17531967,66.8074646,0.671237648,-0.186888844,0.7955800890000001
2020,Ecuador,5.925199986,58.0,9.246058463999999,68.50003815,0.8598289490000001,-0.127014965,0.8012151120000001
2020,Portugal,5.9109001160000005,59.0,10.26374245,72.40202332,0.8887478109999999,-0.220714301,0.8926295040000001
2020,Jamaica,5.889800072000001,60.0,9.006250381000001,67.09999847,0.8580685259999999,-0.12510676699999998,0.8888900279999999
2020,South Korea,5.872399807000001,61.0,10.51056671,73.60272979999999,0.6129651070000001,-0.043404032,0.789067447
2020,Japan,5.870800018,62.0,10.57968903,75.00096893,0.8099613790000001,-0.24691034899999997,0.654558063
2020,Peru,5.796800137000001,63.0,9.456313133,68.10023499,0.8247660990000001,-0.16238822,0.8937149640000001
2020,Serbia,5.77820015,64.0,9.680980682000001,68.21020508,0.726495862,-0.073676221,0.843509018
2020,Bolivia,5.747499942999999,65.0,8.851115227000001,63.6004715,0.875873327,-0.09168113,0.8226062059999999
2020,Pakistan,5.69329977,66.0,8.482727051,58.25313568,0.734833717,0.04489987,0.7457054259999999
2020,Paraguay,5.6921000479999995,67.0,9.389982224,65.63993835,0.885923445,0.007997713,0.8347885009999999
2020,Dominican Republic,5.6891999239999995,68.0,9.664880753,65.80748749,0.8662027720000001,-0.131263286,0.755999923
2020,Bosnia and Herzegovina,5.674099922000001,69.0,9.455817223,67.80813599,0.651352704,0.098274559,0.933769107
2020,Moldova,5.607500076,70.0,8.776714325,65.01301575,0.721609175,-0.037741039,0.913314283
2020,Tajikistan,5.555699825,71.0,8.024810791,64.10459137,0.831383407,-0.025088511,0.5920760629999999
2020,Montenegro,5.54610014,72.0,9.751860619,68.50534821,0.649565637,-0.075600356,0.7831215859999999
2020,Russia,5.546000004,73.0,10.12887192,64.10045624,0.729892612,-0.151153743,0.864802599
2020,Kyrgyzstan,5.541500092000001,74.0,8.148405075,64.10601044,0.909374893,0.15477205800000002,0.888396084
2020,Belarus,5.539899826,75.0,9.779945374,66.10433197,0.6391630770000001,-0.164926544,0.63571167
2020,North Cyprus,5.53550005,76.0,10.40570259,73.70222473,0.79529351,0.00022715900000000003,0.62611568
2020,Greece,5.514999866,77.0,10.13232613,72.40525818,0.5413451189999999,-0.30090737300000003,0.8599314090000001
2020,Hong Kong S.A.R. of China,5.510399818,78.0,10.934671400000001,76.77170563,0.7798337940000001,0.134979904,0.420607209
2020,Croatia,5.504700184,79.0,10.07087517,70.21490479,0.714838803,-0.128538325,0.916495264
2020,Libya,5.488800049,80.0,9.789815903,62.29999924,0.773157001,-0.085054487,0.668779135
2020,Mongolia,5.4562001229999995,81.0,9.412186623,62.30448532,0.693351328,0.09809386699999999,0.863511205
2020,Malaysia,5.384300232,82.0,10.26251888,67.10215759,0.8946268559999999,0.11472679699999999,0.8393023009999999
2020,Vietnam,5.353499889,83.0,8.809545517,67.95273590000001,0.939592957,-0.094533332,0.79642123
2020,Indonesia,5.285600185,84.0,9.36975193,62.15584946,0.8706144090000001,0.519586504,0.876296401
2020,Ivory Coast,5.233300208999999,85.0,8.225561142,49.50377274,0.727909327,-0.043991156,0.7907719609999999
2020,Benin,5.21600008,86.0,7.674319744,54.31246567,0.735182583,-0.003537213,0.7405325770000001
2020,Maldives,5.197599888,87.0,9.518632889,70.59999847,0.8539627790000001,0.038085497999999995,0.824211061
2020,Congo (Brazzaville),5.1943998339999995,88.0,8.536987305,57.92448044,0.7190585140000001,-0.123674095,0.7517790790000001
2020,Azerbaijan,5.164800167,89.0,9.687726974,65.50839996,0.786824107,-0.24025528100000001,0.55253756
2020,Macedonia,5.1598000530000006,90.0,9.510591507000001,67.50442505,0.738840938,-0.019877451,0.8974905009999999
2020,Ghana,5.1479997630000005,91.0,8.350645065,57.20398712,0.794796526,0.09417085300000001,0.8479647640000001
2020,Nepal,5.137199879,92.0,7.925357342000001,63.77917862,0.797565043,0.154168829,0.7380991579999999
2020,Turkey,5.131800175,93.0,10.12941933,66.90281677,0.6088304520000001,-0.17104643600000002,0.748197377
2020,China,5.123899937,94.0,9.688568115,69.2891922,0.898517907,-0.18142575,0.7539710999999999
2020,Turkmenistan,5.119100093999999,95.0,9.74803257,62.21170807,0.8264570240000001,0.187671542,0.883691847
2020,Bulgaria,5.101500034,96.0,9.869318962000001,66.80397797,0.745178163,-0.143908441,0.9355851409999999
2020,Morocco,5.094799995,97.0,8.940313339,65.89624023,0.772072434,-0.240377247,0.8157246109999999
2020,Cameroon,5.084899902,98.0,8.118647575,52.704940799999996,0.7630518079999999,-0.00149645,0.8513365979999999
2020,Venezuela,5.053199768,99.0,8.977793693999999,66.50534058,0.62327832,-0.16909050899999997,0.837038398
2020,Algeria,5.005099773,100.0,9.537964821000001,65.90517426,0.46661090899999996,-0.121105164,0.7354851370000001
2020,Senegal,4.980800152,101.0,8.118982315,59.59915161,0.6905961629999999,-0.052335154,0.808785141
2020,Guinea,4.949299812,102.0,7.750990391,54.46780014,0.7068467740000001,0.076328471,0.761794448
2020,Niger,4.909599781,103.0,6.842166901000001,53.50009537,0.759772122,0.013860817,0.722530186
2020,Laos,4.888599873,104.0,8.79858017,58.70992279,0.907213569,0.11137148,0.634679317
2020,Albania,4.882699966000001,105.0,9.417930603,68.70813751,0.7819942240000001,-0.042309489000000006,0.896303713
2020,Cambodia,4.8484001160000005,106.0,8.249890327000001,61.52996826,0.9597046379999999,0.051911179,0.8227690459999999
2020,Bangladesh,4.832799911,107.0,8.287063599,64.50306702,0.90062499,-0.033664726,0.661843538
2020,Gabon,4.829299927,108.0,9.680537224,59.71533966,0.7048292159999999,-0.22226162300000002,0.8491509559999999
2020,South Africa,4.814099789,109.0,9.403370857,56.50601196,0.7593300940000001,-0.10977732400000001,0.843423843
2020,Iraq,4.7848000530000006,110.0,9.661095619,59.90354919,0.633182645,-0.06956476,0.82226181
2020,Lebanon,4.771500111,111.0,9.3617239,67.10658264,0.5513575079999999,-0.06121527,0.90225625
2020,Burkina Faso,4.768700123,112.0,7.46854496,53.88945389,0.665563583,-0.019080516000000002,0.739795029
2020,Gambia,4.750599861,113.0,7.321814537000001,55.01201629999999,0.733163178,0.34319871700000004,0.6907178159999999
2020,Mali,4.729300021999999,114.0,7.629852295,51.72698212,0.71156615,-0.044366925999999994,0.839328408
2020,Nigeria,4.724100113,115.0,8.57662487,49.86190796,0.759578407,0.033745807,0.861874342
2020,Armenia,4.676799774,116.0,9.100476265,66.75065613,0.7120178340000001,-0.13877961,0.7735447879999999
2020,Georgia,4.672599792,117.0,9.226100922,64.49520874,0.8016415240000001,-0.22892037,0.665944695
2020,Iran,4.672399998,118.0,9.813719749,66.00614929,0.647873282,0.11789110300000001,0.714635968
2020,Jordan,4.6333999630000005,119.0,9.025999069,66.79975128,0.75104779,-0.162565202,0.700344324
2020,Mozambique,4.623600006,120.0,7.069345951,54.20582199,0.864451885,0.032375867999999995,0.683019102
2020,Kenya,4.583000183,121.0,8.02977562,60.09693146,0.829747558,0.294681519,0.831499159
2020,Namibia,4.571100235,122.0,9.203141212,56.50148773,0.767520964,-0.18530646,0.8514497879999999
2020,Ukraine,4.56069994,123.0,9.010690689,64.60678101,0.663081884,-0.030933706000000002,0.920636714
2020,Liberia,4.557899952,124.0,7.054380417000001,56.09631348,0.735268712,0.04227322,0.8563759329999999
2020,Palestinian Territories,4.552800179,125.0,8.389223099,62.25,0.645791829,-0.162079096,0.824199975
2020,Uganda,4.43200016,126.0,7.500389576,55.70820236,0.7317139509999999,0.099487431,0.8367378120000001
2020,Chad,4.422699928,127.0,7.467963696,48.22053909,0.587305248,0.017834719,0.8027608390000001
2020,Tunisia,4.392199993,128.0,9.314972877999999,66.89785767,0.593361557,-0.216413811,0.867590249
2020,Mauritania,4.374599934,129.0,8.233919144,57.01017761,0.551522553,-0.10600814199999999,0.746223509
2020,Sri Lanka,4.327000141,130.0,9.389969826,67.20006561,0.837633669,0.081129618,0.859001756
2020,Congo (Kinshasa),4.31099987,131.0,6.694256306000001,52.90000153,0.700793564,0.083637655,0.809403598
2020,Swaziland,4.3081002239999995,132.0,9.16267395,51.18823624,0.646822274,-0.19920142,0.708263338
2020,Myanmar,4.308000088,133.0,8.680481911000001,58.96171188,0.895075202,0.560663998,0.645124316
2020,Comoros,4.288599968,134.0,7.833630085,57.34901047,0.547612607,0.09000840800000001,0.780622602
2020,Togo,4.187200069,135.0,7.357711315,54.71989822,0.6498286129999999,0.002667875,0.7577334640000001
2020,Ethiopia,4.186200142,136.0,7.5093855860000005,58.63959122,0.740795195,0.043377332000000005,0.7536900040000001
2020,Madagascar,4.165599823,137.0,7.281685829,59.10542679,0.5575740929999999,-0.011823638999999999,0.8174856309999999
2020,Egypt,4.151400089,138.0,9.316541672,61.78015137,0.708354175,-0.196878314,0.787726879
2020,Sierra Leone,3.926399946,139.0,7.26880312,50.86514282,0.715315044,0.088660747,0.861330688
2020,Burundi,3.775300026,140.0,6.492642403,53.40000153,0.626350224,-0.017551597,0.606934547
2020,Zambia,3.759399891,141.0,8.224720001,55.29937744,0.806500256,0.078037128,0.801289678
2020,Haiti,3.720799923,142.0,7.411329268999999,55.59862518,0.537825167,0.40053457,0.6847672459999999
2020,Lesotho,3.6528000830000003,143.0,7.9604883189999995,48.00362396,0.738125861,-0.145732045,0.857392073
2020,India,3.573299885,144.0,8.849823952000001,60.21518707,0.8814448709999999,0.057551607000000005,0.772042692
2020,Malawi,3.538000107,145.0,7.062226295,57.59288788,0.803223193,0.021433279,0.731700778
2020,Yemen,3.5274000169999997,146.0,7.759682655,56.72728348,0.599920273,-0.157735437,0.800287724
2020,Botswana,3.4788999560000002,147.0,9.711203575,58.92445374,0.8213281040000001,-0.250394493,0.777930915
2020,Tanzania,3.4762001039999997,148.0,7.967665195,57.49607468,0.82153976,0.10966868699999999,0.619799435
2020,Central African Republic,3.475899935,149.0,6.625160217,45.20000076,0.640880644,0.082410358,0.891806662
2020,Rwanda,3.312299967,150.0,7.600104332000001,61.09884644,0.9005894059999999,0.055483952,0.183541179
2020,Zimbabwe,3.2992000580000003,151.0,7.865711688999999,55.61725998,0.711457908,-0.072063953,0.81023699
2020,South Sudan,2.8166000839999996,152.0,7.425359726,51.0,0.451313615,0.016518548,0.7634173040000001
2020,Afghanistan,2.566900015,153.0,7.4628605839999995,52.59000015,0.39657300700000003,-0.0964294,0.9336865540000001
